name,DF_BLUE,DF_SE,DPM_BLUE,DPM_SE,100SdW_BLUE,100SdW_SE,Yd_BLUE,Yd_SE
ACC_002,37.3596337,0.582937811,NA,NA,47.3879792,4.193539862,1122.976325,163.7516869
ACC_003,NA,NA,NA,NA,44.19043547,3.040626633,835.3879484,165.8121721
ACC_004,38.56960281,0.581442657,NA,NA,41.42256684,4.202791196,756.6649476,163.044583
ACC_005,38.52599467,0.584157639,NA,NA,55.92638788,4.188598662,794.0257828,163.3403599
ACC_007,38.00716973,0.582991433,NA,NA,50.7610663,2.978490392,956.3215074,163.6638171
ACC_008,38.32363751,0.584362709,NA,NA,48.48601857,2.990687756,1146.927041,164.9086546
ACC_009,40.11843502,0.823141177,NA,NA,46.02013261,2.96615311,932.5059496,162.577002
ACC_010,38.16674973,0.585004703,NA,NA,44.85014111,2.986868764,1003.111571,163.8626736
ACC_011,37.46287177,0.583279047,NA,NA,45.50405898,4.20123179,949.9070994,163.3294902
ACC_012,38.42760845,0.584432099,NA,NA,42.68496549,4.2109246,1017.334406,163.9886516
ACC_014,39.38259505,0.583006333,NA,NA,47.90598934,2.985909014,896.1143512,163.1976293
ACC_017,37.43790211,0.583190215,NA,NA,38.27903222,4.201541811,502.4421738,163.4383244
ACC_018,38.41632041,0.582378493,NA,NA,48.73603381,2.970903671,1035.438835,163.380815
ACC_022,37.48241047,0.582656015,NA,NA,47.52238332,2.973811626,1277.882313,163.5233526
ACC_023,40.08749699,0.827060632,NA,NA,41.00341007,4.23373943,789.4324883,163.5765799
ACC_024,37.51345605,0.583971724,NA,NA,46.03880017,4.187846963,849.2327082,163.3826154
ACC_025,38.62015812,0.583162535,NA,NA,37.67482777,2.967619028,906.3872391,163.4292478
ACC_026,38.10237081,0.585161172,NA,NA,44.99020419,3.016060539,1199.871063,163.9347216
ACC_027,37.96664618,0.583795841,NA,NA,46.27122454,4.214805905,602.1743771,163.4886952
ACC_028,37.9741586,0.825714581,NA,NA,45.8861219,3.034667727,1139.069739,165.3714279
ACC_029,37.51550252,0.582976702,NA,NA,45.31458231,4.206414135,810.9825864,163.9982276
ACC_030,39.5917617,0.582687604,NA,NA,44.98312739,4.19266448,688.5628693,162.8314091
ACC_031,39.46612536,0.582080927,NA,NA,45.14497602,2.974151707,1057.217117,163.5393087
AFR_298,37.55724054,0.412535719,NA,NA,48.76703419,2.106153737,1246.977689,116.4546437
AFR_619,39.87902046,0.581860768,NA,NA,44.42474966,2.972302285,1060.738998,163.999121
AFR_708,NA,NA,NA,NA,46.32491078,4.202711876,866.2403187,163.5500374
AFR_722,39.12135793,0.414726163,NA,NA,58.72661087,2.120474948,1176.615514,118.1191207
AFR_735,39.00179938,0.58243874,NA,NA,51.37761123,2.972278956,1064.899713,163.536032
BRB_191,40.02839389,0.582720299,NA,NA,41.30429319,4.193596825,718.8762608,164.1844292
BRB_198,NA,NA,NA,NA,46.49146814,3.002898814,635.2575961,165.4652622
BRB_215,37.9951665,0.583533694,NA,NA,37.53038877,4.209283476,868.4401303,163.8390779
BRB_264,37.46245757,0.583190047,NA,NA,40.4499141,2.976026315,977.0589139,163.2344613
CAL_096,38.28120667,0.126886794,NA,NA,62.88629708,0.622351715,1351.06356,41.44652295
CAL_143,38.91458219,0.478973928,NA,NA,44.04009722,2.140584055,1096.620491,117.4934701
CMB_004,38.82895977,0.583486126,NA,NA,50.42035732,4.197795619,1032.144621,163.5531559
CMB_006,40.16897894,0.82291883,NA,NA,39.51840725,4.192514916,628.8554762,163.5923193
CMB_010,37.63326319,0.583893846,NA,NA,42.82564358,4.24646709,1239.651656,164.0263708
CMB_012,NA,NA,NA,NA,46.7186857,4.197849178,781.8239822,163.7596429
CMB_014,36.78104399,0.585446746,NA,NA,53.93112445,4.188327304,880.1031279,165.0927373
CMB_016,38.77280935,0.587546713,NA,NA,51.83398659,4.188012066,872.9442482,163.9766018
CMB_018,39.67270087,0.83476193,NA,NA,16.77161661,4.233603159,962.5283499,165.1479799
CMB_025,38.77129662,0.830565075,NA,NA,20.16621079,4.23075021,852.9547302,164.8907129
CMB_036,38.55575524,0.582422498,NA,NA,48.46059619,4.202807827,877.5408054,163.6178532
CMB_043,39.75261949,0.582124183,NA,NA,46.98345403,4.19019987,1241.967156,162.9914836
CMB_045,38.09197381,0.582944336,NA,NA,50.59559026,4.206138119,973.2525699,164.0626791
CMB_050,NA,NA,NA,NA,44.64312737,4.204166359,666.7157378,163.1511916
CMB_057,NA,NA,NA,NA,51.42875995,2.968123981,1452.411638,163.9244146
CMB_073,39.29765063,0.589200849,NA,NA,44.82638717,4.190492457,805.1885301,164.5185248
CMB_080,38.89578904,0.823571488,NA,NA,43.72933547,2.983604795,1359.542084,163.4215416
CMB_095,39.7672457,0.823224171,NA,NA,47.72475742,2.988177434,755.6389463,163.6896492
CMB_103,39.01931401,0.582856622,NA,NA,49.85277967,4.196123556,1013.902105,163.476228
CMB_105,37.82110534,0.823203934,NA,NA,56.57116454,2.970530503,1100.649714,163.4978925
COS_016,38.01598572,0.583989019,NA,NA,43.35877279,2.992970768,1726.296297,163.7082808
DAA_001,36.9313803,0.583833191,NA,NA,51.62804393,2.982943887,1500.460658,164.2675683
DAA_002,36.76921997,0.583533423,NA,NA,63.36205287,4.202789451,1262.371052,163.4776412
DAA_003,36.92668431,0.582692919,NA,NA,55.25567033,2.971251108,1207.171839,163.4768444
DAA_004,37.12732556,0.823184126,NA,NA,44.42778911,2.993359694,873.4213184,163.6375584
DAA_005,37.70789505,0.58689748,NA,NA,42.16013406,4.285787244,995.8277711,163.9592637
DAA_006,38.0030084,0.588523214,NA,NA,40.95242947,3.00541201,1164.387849,163.8302965
DAA_007,39.39551172,0.584289283,NA,NA,48.69392539,2.992592384,1254.401043,164.1129853
DAA_008,38.79971616,0.58465612,NA,NA,49.36530776,2.991420729,972.8215144,163.8123417
DAA_009,36.59211017,0.58532775,NA,NA,53.76864902,2.999126338,1420.852153,164.0330652
DAA_010,38.52718067,0.584108224,NA,NA,50.8584695,2.981004021,1200.917139,164.0474753
DAA_011,38.0815832,0.583766965,NA,NA,49.20572876,4.233705241,1126.623857,163.9178128
DAA_012,37.7547392,0.584658909,NA,NA,61.52453759,2.980291112,1302.920431,163.6815891
DAA_013,37.88672292,0.581826542,NA,NA,49.182654,2.967418218,1008.193236,163.4882843
DAA_018,38.70991148,0.583663138,NA,NA,56.99198188,2.979852032,1191.759331,163.7597889
DAA_021,37.69192334,0.583384462,NA,NA,69.35160009,4.204188292,1281.516044,163.3348115
DAA_024,38.07116749,0.583593649,NA,NA,55.01835114,3.018514111,1506.835813,164.3575092
DAA_027,37.5753438,0.582421149,NA,NA,50.65549627,2.967230732,877.9230928,163.8562993
DAA_029,37.07962764,0.583826359,NA,NA,63.5449295,4.190191708,1240.299279,163.5607379
DAA_041,37.4501116,0.58197138,NA,NA,56.33123896,4.194454957,975.9816225,163.4407892
DAA_044,37.2278375,0.587090591,NA,NA,63.71971599,4.232194155,1327.105461,163.6061972
DAA_045,36.69966005,0.584647945,NA,NA,64.17118271,2.982320523,1565.435538,163.9691806
DAA_049,38.14148243,0.584748627,NA,NA,46.41059046,4.234767661,1115.829486,164.1560592
DAA_052,37.69098388,0.587345659,NA,NA,58.36907229,4.199877513,1079.792995,166.4871405
DAA_059,37.92363013,0.581923002,NA,NA,46.69051431,2.977847105,1446.465838,163.8039419
DAA_060,36.54238522,0.585348829,NA,NA,53.51218699,4.231927224,1163.101047,163.8277669
DAA_062,39.41743473,0.582531688,NA,NA,54.95918687,2.970424921,1023.11465,162.9602703
DAA_065,37.02405088,0.583088856,NA,NA,51.20133267,2.984483872,1030.528755,164.4466424
DAA_078,36.17231079,0.597332304,NA,NA,53.75558189,3.061433583,1253.354605,169.7622594
DAA_091,36.78038094,0.588792607,NA,NA,59.02229264,4.188025405,1279.152419,164.4077762
DAA_094,38.56232165,0.583552739,NA,NA,54.80660284,2.991073554,936.4130832,163.125568
DAA_096,38.78773931,0.583263706,NA,NA,53.50579914,2.973603319,1181.510188,163.335115
DAA_098,38.1004665,0.583595491,NA,NA,56.0274036,2.968102587,1635.217685,163.2687685
DAA_100,39.22766039,0.586781078,NA,NA,57.96250058,4.191465311,1155.925082,164.7960295
DAA_111,38.22166432,0.823086691,NA,NA,37.66373087,2.973219339,974.2669209,163.3511048
DAA_112,37.47391067,0.58279373,NA,NA,54.23484571,2.965746434,870.3567347,163.3106793
DAA_113,36.16164905,0.585065846,NA,NA,61.51202484,2.979900122,1362.714186,163.9473316
DAA_116,38.80046037,0.587065363,NA,NA,47.16389422,3.014740468,1122.283099,163.8816643
DAA_117,37.9522702,0.583499476,NA,NA,50.30935003,2.978823993,1047.87192,163.0604285
DAA_118,40.04407064,0.823637424,NA,NA,43.49272279,4.202679403,850.2379544,163.5069438
DAA_119,38.45492004,0.829546369,NA,NA,21.33669779,4.235597189,734.4482731,164.2424759
DAA_120,37.1502928,0.583106083,NA,NA,42.80257898,4.235095372,826.6813425,164.0231625
DAA_121,38.11315194,0.585161199,NA,NA,60.68227317,4.214412686,1104.255404,163.7866879
DAA_122,37.29115145,0.585032755,NA,NA,45.8038959,4.232470316,884.0589155,164.2475855
DAA_123,39.08612243,0.590942758,NA,NA,41.74628894,3.025676589,1043.434514,165.8216351
DAA_124,38.74209694,0.584688525,NA,NA,42.82341792,4.23878479,977.2284437,163.5381372
DAA_125,37.91317781,0.582514004,NA,NA,42.29227453,2.970561788,1234.949751,163.9491757
DAA_126,40.09509391,0.585230627,NA,NA,50.17916218,4.275676405,1039.845629,163.9606574
DAA_142,37.91204558,0.582364694,NA,NA,50.52526066,2.963419938,1070.968469,163.0970309
DAA_145,37.94947796,0.582842202,NA,NA,51.32584268,2.965314516,1274.624776,163.2603194
DAA_148,37.24461405,0.584610453,NA,NA,52.20651585,2.984502755,1231.980482,164.152991
DAA_153,38.94598612,0.413022095,NA,NA,50.93459139,2.450420947,1129.846421,116.7447784
DAB_053,39.81592059,0.587238535,NA,NA,50.11960585,4.2035756,1090.087294,165.8642743
DAB_062,38.94187162,0.581808814,NA,NA,48.35099555,2.973827734,1506.558667,163.4050234
DAB_064,38.9016373,0.827315046,NA,NA,45.40012136,4.267002835,757.2831746,165.9909817
DAB_065,38.73953656,0.586140937,NA,NA,51.35483346,4.231432866,1163.276655,163.7794061
DAB_066,39.0720733,0.583020923,NA,NA,49.73071183,2.985662476,1457.091005,164.3713522
DAB_084,37.96607775,0.588450621,NA,NA,39.29975403,3.042887921,1659.183341,167.0311502
DAB_090,37.85136111,0.582753914,NA,NA,40.30459841,2.972568105,1321.308268,163.8237568
DAB_105,39.04741725,0.586748621,NA,NA,45.382589,2.990826294,1504.266112,163.9123843
DAB_106,38.07428628,0.581877627,NA,NA,44.76002514,2.969398287,1486.009231,162.9961315
DAB_109,38.49810977,0.595093762,NA,NA,48.5675961,3.053981872,1295.619232,167.107974
DAB_150,38.12648511,0.58306064,NA,NA,42.73936207,2.984933219,1186.285869,163.8679189
DAB_187,38.51054907,0.582968766,NA,NA,32.97432236,2.968883062,847.6636249,163.5457252
DAB_231,37.95813721,0.583481243,NA,NA,50.93692484,4.198590556,1020.553274,163.6439066
DAB_233,37.95070958,0.584609598,NA,NA,49.74701389,2.988394886,990.8502405,164.0067124
DAB_236,38.29082111,0.582244793,NA,NA,42.9715846,4.191199079,895.9891875,163.3874405
DAB_244,38.77198223,0.823162846,NA,NA,51.19415434,3.010013098,841.9381151,165.2284748
DAB_251,38.08726454,0.414233003,NA,NA,52.36896233,2.117622009,1304.953128,116.8048994
DAB_252,38.41227006,0.828566623,NA,NA,49.20284751,4.245257191,1028.085068,164.398894
DAB_256,37.97995488,0.582827703,NA,NA,46.16555339,4.210625251,1058.256522,163.4185872
DAB_258,38.03834863,0.587514636,NA,NA,51.3878457,4.235903071,1055.882042,163.8508248
DAB_267,37.70289425,0.585628231,NA,NA,47.49704371,2.997981378,984.4357892,163.7915796
DAB_277,38.64955394,0.596604226,NA,NA,53.85560396,4.391980044,919.6668801,168.6049012
DAB_295,37.68776946,0.417184086,NA,NA,54.99550414,2.437276738,1106.568032,118.2825834
DAB_302,37.86339187,0.823818068,NA,NA,54.19145548,4.30257906,1096.929981,164.3946039
DAB_317,38.14004796,0.584066976,NA,NA,59.06546867,4.241366515,1416.023683,164.5530482
DAB_344,37.82280758,0.585505153,NA,NA,52.16869019,3.003959071,1257.274478,164.2292281
DAB_353,37.03257857,0.582885394,NA,NA,43.32640988,4.197063138,714.6270279,163.5123666
DAB_366,37.77210876,0.586478132,NA,NA,44.04555955,4.188420795,1214.779964,163.988194
DAB_374,37.33923962,0.585415591,NA,NA,50.0634909,2.984958939,1692.128301,163.6773974
DAB_380,38.06754887,0.823031508,NA,NA,51.42397614,4.202423502,773.9831303,163.7774442
DAB_384,38.45631152,0.581914588,NA,NA,49.58969863,2.978560984,1178.935831,163.7183933
DAB_396,37.01089848,0.582802127,NA,NA,45.54196801,2.97066977,1292.890702,163.2267488
DAB_398,39.89552398,0.823139052,NA,NA,47.39962342,2.979383104,1203.281784,163.9739984
DAB_402,38.4561085,0.584279098,NA,NA,53.87280352,4.201996678,1073.71861,163.5258566
DAB_441,37.82594928,0.58205244,NA,NA,44.15829295,2.980941399,1132.588253,163.5981765
DAB_489,37.83032619,0.587468309,NA,NA,50.83773038,2.992987454,1448.977937,163.851903
DAB_494,37.74650175,0.414737712,NA,NA,48.2062344,2.122301151,1284.811499,116.8972898
DAB_514,37.49346575,0.584002933,NA,NA,53.54737449,2.968717142,1448.843521,163.1441952
DAB_520,37.5337501,0.586182883,NA,NA,44.24516183,4.20225527,1380.163351,164.3596169
DAB_525,37.3712966,0.582953554,NA,NA,46.84742452,4.191312478,897.6580503,163.6292052
DAB_528,37.40609823,0.582116793,NA,NA,50.00610086,4.202981336,750.4817662,163.5152427
DAB_534,38.23966943,0.583879962,NA,NA,49.37973568,2.980724146,927.8712238,163.4195483
DAB_541,37.71912067,0.585061885,NA,NA,49.64060394,4.217266535,1065.502498,164.4571777
DAB_545,36.96947893,0.581727511,NA,NA,50.84306486,2.981919325,1148.593487,163.9369657
DAB_549,35.38235672,0.584916969,NA,NA,48.11917129,2.987887475,1240.603347,164.8631613
DAB_555,36.95909959,0.582347821,NA,NA,46.15145241,2.976476671,1089.048241,163.6832922
DAB_568,39.20556847,0.58571566,NA,NA,51.07576054,3.006811653,1273.384836,164.2178841
DAB_569,38.40442707,0.58238156,NA,NA,58.76923031,2.970681055,1351.786646,163.3007874
DAB_570,38.46852696,0.584278935,NA,NA,48.01178761,2.977319843,1349.800988,163.0967847
DAB_571,39.50524029,0.582354055,NA,NA,49.62356949,2.991028608,1342.334164,164.1147625
DAB_572,38.07123703,0.584558399,NA,NA,49.4422448,2.993828021,1088.186986,164.425747
DAB_573,38.96250405,0.58248762,NA,NA,54.93300876,2.968122618,1541.783975,163.2391297
DAB_574,40.24613121,0.586752557,NA,NA,19.91422327,4.262272542,691.4106649,164.8923792
DAB_575,39.93788404,0.583844404,NA,NA,45.26465836,4.187266813,1033.595187,164.4028913
DAB_576,39.95746254,0.581975053,NA,NA,52.51047779,2.973779819,1081.008566,163.8898851
DAB_577,37.53687087,0.588846998,NA,NA,55.52797996,3.044160616,1056.409834,167.4717785
DAB_578,38.74302513,0.58952876,NA,NA,48.95566392,4.187128871,810.5930207,165.558817
DAB_579,38.58374578,0.58296372,NA,NA,56.84838474,2.965852106,1301.498409,163.5846793
DAB_580,39.71343334,0.58600374,NA,NA,47.7244808,3.001432114,782.2581654,164.9940278
DAB_581,39.08592823,0.823159895,NA,NA,53.49638815,4.188538059,860.4175704,163.1887717
DAB_583,36.50015809,0.582605515,NA,NA,43.94191029,4.204256447,848.1708108,163.7043281
DAB_584,NA,NA,NA,NA,35.14587886,3.012938653,938.5352222,163.8553599
DAB_585,39.01536976,0.824414522,NA,NA,49.40490958,2.973846375,913.2639924,163.3085709
DAB_586,38.19587931,0.822900316,NA,NA,44.82874372,2.972022549,857.1694163,163.5892382
DAB_587,36.48123882,0.583208595,NA,NA,49.77821823,2.994138054,1364.262176,164.1741284
DAB_588,38.93906317,0.583271651,NA,NA,34.81794924,2.966594407,980.7081959,163.1257733
DAB_589,37.08773882,0.58713953,NA,NA,53.41415796,3.009626917,1340.363302,164.4610544
DAB_591,36.82573371,0.58560516,NA,NA,52.19679486,2.988047106,1519.39825,164.3405561
DAB_592,37.82547615,0.582893692,NA,NA,42.52820748,2.985166719,662.5252273,163.2353707
DAB_593,37.39399571,0.587758028,NA,NA,46.23841631,3.040299815,1490.764811,164.641353
DAB_594,38.03310583,0.582599505,NA,NA,46.93219688,4.20343477,1243.194527,163.5937804
DAB_596,37.14362599,0.583280348,NA,NA,53.28703958,2.980645315,1349.212414,163.68451
DAB_597,36.55896315,0.582474109,NA,NA,55.04075093,2.967919248,1310.994481,163.2425668
DAB_598,36.4252325,0.583201198,NA,NA,48.09508456,2.97946952,1294.822841,163.6984858
DAB_600,39.73326911,0.830929057,NA,NA,58.8212742,4.240620785,1152.939145,164.158122
DAB_602,37.9488381,0.583177939,NA,NA,49.10104473,4.192589508,596.1288598,163.5748543
DAB_603,40.05537016,0.582970894,NA,NA,51.35886026,2.979446907,1055.532601,163.4177729
DAB_604,37.41109236,0.583661968,NA,NA,52.18074313,2.971196198,1213.114848,162.952618
DAB_605,39.07356649,0.582868992,NA,NA,55.19919394,2.96995357,1239.047116,163.682988
DAB_606,39.50587082,0.583805838,NA,NA,38.77360891,2.988932449,1059.041999,163.8960638
DAB_607,39.37539114,0.582960214,NA,NA,47.30057615,4.233186096,842.1789057,163.5976738
DAB_609,38.13117349,0.581964834,NA,NA,42.10799161,2.968959919,854.6380181,163.0062888
DAB_610,NA,NA,NA,NA,41.10126225,2.983033553,572.0174672,163.284096
DAB_612,40.16957566,0.823728889,NA,NA,36.94212693,4.202672226,763.3120113,163.4112522
DAB_614,36.94586688,0.412614509,NA,NA,46.7040693,2.103823607,1020.135655,117.302123
DAB_615,36.98895725,0.582469488,NA,NA,48.01064184,2.971748459,1265.866073,163.42695
DAB_616,39.90347915,0.826591856,NA,NA,45.26817582,3.003123227,1533.611256,165.0098962
DAB_617,37.08648116,0.582730366,NA,NA,48.92858444,2.968717948,1269.453522,163.253688
DAB_619,38.14311729,0.582999091,NA,NA,51.45039051,2.965173627,1361.567251,163.2663796
DAB_621,38.07664494,0.583120942,NA,NA,51.86694433,2.973205124,1388.387816,163.354819
DAB_622,38.51817394,0.58644554,NA,NA,49.95578709,3.018779561,1459.488484,164.4518363
DAB_624,38.09301242,0.582412804,NA,NA,52.72698608,2.983469592,1446.574839,163.6255225
DAB_625,38.26791874,0.58504618,NA,NA,51.92692509,3.063923995,1233.689964,165.8051474
DAB_628,38.771891,0.584791661,NA,NA,52.09286372,2.985579007,1608.743396,163.654082
DAB_629,38.00327904,0.586686093,NA,NA,50.95116771,3.011428196,1296.829028,164.4076234
DAB_630,37.90497954,0.584462951,NA,NA,54.72552282,2.996389168,1434.339631,164.2352336
DAB_633,38.54786335,0.583917492,NA,NA,40.19805665,2.9852144,1087.51812,163.8834934
DAB_900,38.00149737,0.582483395,NA,NA,51.06614696,2.968101109,1342.66836,163.2088313
DAB_901,38.54444276,0.82962368,NA,NA,44.65865405,4.23881469,892.2557329,164.099759
DAB_902,38.18694102,0.822915488,NA,NA,48.36205354,4.19921869,864.8658618,165.1224709
DAB_903,37.21033239,0.583910506,NA,NA,52.8782916,2.980090055,1064.839457,163.4177194
DAB_904,37.59201117,0.585786605,NA,NA,43.17054695,4.233560119,1071.255229,164.0605178
DAB_905,38.4428992,0.586180259,NA,NA,35.28155742,4.189019651,713.8696684,164.3415226
DAB_906,38.02448823,0.585331544,NA,NA,49.95064281,2.986408222,1468.35415,163.9748621
DAB_909,38.12951572,0.825441456,NA,NA,45.23599784,4.208625245,898.4368255,167.1448855
DAB_910,NA,NA,NA,NA,48.74011743,4.198332697,775.9153693,163.4277125
DAB_912,38.54152275,0.582618308,NA,NA,48.37795439,4.189999173,1096.822731,163.8607182
DAB_913,36.98969129,0.585601365,NA,NA,33.18073936,2.995174002,934.6817117,164.1269786
DAB_914,37.32644599,0.582389326,NA,NA,53.98179353,2.970889699,1037.767829,163.4592285
DAB_915,38.93062584,0.582622246,NA,NA,53.35526896,2.963797035,973.2847741,163.5768435
DAB_916,37.13646962,0.585550609,NA,NA,45.14756641,4.27061892,936.4252858,163.7325515
DAB_917,37.46644981,0.585424351,NA,NA,33.10462292,4.188637759,605.7307211,163.535917
DAB_919,37.59870083,0.587843151,NA,NA,43.09828358,4.264532196,794.7246203,166.0278788
DAB_920,38.38971051,0.590009411,NA,NA,41.33678838,4.282151311,878.0951688,165.163548
DAB_921,37.53647984,0.584274957,NA,NA,44.81609101,4.214695826,806.0319099,163.3596044
DAB_923,37.42028822,0.585584846,NA,NA,42.30996146,4.232729162,939.7292053,163.9682039
DAB_924,38.59864049,0.582284473,NA,NA,50.59064338,2.977036685,1323.421833,163.9612764
DAB_925,37.29096296,0.582371642,NA,NA,52.60134754,2.965599572,1104.222469,163.8744223
DAB_926,37.48849381,0.583795033,NA,NA,51.57233698,4.189557587,942.94379,162.8080485
DAB_927,38.50286119,0.581437772,NA,NA,44.68876696,4.19359235,1033.057051,163.7631397
DAB_928,37.83467842,0.588363412,NA,NA,42.57551784,4.269023549,1354.234351,164.5854974
DAB_929,35.96263829,0.584593407,NA,NA,47.05883061,3.005951906,1389.263892,163.9317799
DAB_930,37.62108074,0.588365068,NA,NA,53.04597295,4.244247096,1136.491791,165.418487
DAB_932,37.11380416,0.413781791,NA,NA,51.06564975,2.436988942,888.0226918,116.8833562
DAB_933,37.73122257,0.584504684,NA,NA,51.76177182,2.995370789,1077.303013,163.6984958
DAB_934,37.94039198,0.583153155,NA,NA,43.84307494,2.969132054,890.4624603,163.3168821
DAB_936,36.97098834,0.581447628,NA,NA,41.36298106,2.975412202,871.6003446,163.7037032
DAB_937,36.04344414,0.582555995,NA,NA,50.70461589,2.972585091,943.569637,163.5275509
DAB_938,37.83236782,0.581346705,NA,NA,50.83772704,4.191280845,1087.72528,163.4299994
DAB_939,36.56419006,0.583635509,NA,NA,54.37837641,2.977268396,1254.226983,163.4118038
DAB_940,36.93665517,0.589001245,NA,NA,47.88093192,2.989954955,1243.676223,164.8336216
DAB_942,36.7078538,0.584279791,NA,NA,52.350476,2.994611168,1143.448656,163.8662412
DAD_036,39.58336103,0.581460166,NA,NA,41.21701049,4.194261408,495.0043135,163.1139716
DAN_001,38.04870451,0.582440384,NA,NA,47.13185565,2.972656638,937.7146757,163.5029707
DAN_002,37.40928523,0.588677787,NA,NA,62.52054491,4.235927442,932.9550277,167.2402907
DAN_003,38.38699252,0.58283564,NA,NA,49.70716727,2.975433447,652.6772718,163.7586022
DAN_004,37.90091665,0.582591692,NA,NA,60.82548973,2.964895467,1118.956676,163.2253515
DAN_005,39.3969892,0.823903689,NA,NA,62.18426551,4.209453951,1311.598838,163.5485198
DAN_006,36.54496101,0.582833395,NA,NA,54.20739397,2.973094054,921.8283896,163.7202414
DAN_007,37.77917121,0.587309916,NA,NA,45.59279072,4.259519122,734.9539708,163.9307431
DAN_008,38.05677307,0.582878001,NA,NA,43.86208569,2.971393663,767.1303806,163.2217648
DAN_009,39.33539056,0.590251731,NA,NA,45.70494659,4.275080734,1012.721642,164.3666244
DAN_010,38.53202953,0.589904483,NA,NA,50.92158576,3.019603059,1231.724736,164.2723737
DAN_011,38.6114081,0.582963744,NA,NA,53.92682623,2.969668009,1379.436941,163.4646007
DAN_012,38.51849297,0.58240139,NA,NA,50.72617505,2.972513196,1284.062715,163.7455992
DAN_013,36.99606043,0.582857357,NA,NA,22.33804186,4.204681471,502.059968,163.9322298
DAN_014,37.97608575,0.584984194,NA,NA,48.31287398,4.199427263,1004.297132,163.4974371
DAN_015,37.60838332,0.583391045,NA,NA,42.61790949,4.205229418,957.8168893,163.7149054
DAN_017,38.3322527,0.584324081,NA,NA,46.11834189,2.99244368,1142.199619,163.8864256
DAN_018,38.38208925,0.586704612,NA,NA,56.46723132,4.256359681,858.4061616,166.8424655
DAN_019,38.0513648,0.585364971,NA,NA,51.94456084,4.251973473,785.1144892,164.4180554
DAN_020,38.42475499,0.586900539,NA,NA,51.06374004,3.022004382,930.552197,165.2160672
DAN_021,38.4063311,0.581882397,NA,NA,43.92752582,4.223719467,780.8349994,163.3597876
DAN_022,38.52359013,0.58277425,NA,NA,54.59467032,2.967677071,1214.601586,163.4150147
DAN_023,38.93260883,0.582089432,NA,NA,47.40494929,2.977023435,997.096761,163.6532001
DAN_024,37.99611608,0.582648861,NA,NA,62.77683536,2.967216799,992.9861056,162.9332047
DAN_025,37.29092494,0.581917651,NA,NA,57.70723629,2.965244867,1215.595741,163.4664824
DAN_027,37.69308209,0.583037915,NA,NA,56.32564124,2.96821938,1281.950476,163.1768909
DAN_028,38.10296393,0.583754813,NA,NA,43.03459046,2.972714507,641.3137637,163.1429941
DAN_029,37.41033098,0.586004866,NA,NA,52.14257619,4.204386945,1759.960183,163.6011847
DAN_030,38.14608933,0.583487219,NA,NA,47.28853145,2.971090841,1590.872496,163.4589369
DAN_031,37.22876105,0.585310501,NA,NA,56.26956282,4.237940572,1180.281488,163.9975527
DAN_032,37.47207127,0.584101177,NA,NA,61.60555478,4.203886729,1246.787916,163.5061769
DAN_033,36.59754483,0.585600929,NA,NA,57.12951431,4.22689531,1500.929934,163.7427234
DAN_037,38.74665953,0.585117932,NA,NA,53.99081832,2.988275157,946.3131577,163.7481092
DAN_047,37.90078117,0.587862687,NA,NA,46.4750528,4.192624623,963.5705273,166.17964
DAN_054,37.52523485,0.582985018,NA,NA,50.06410288,4.199884792,1116.983399,163.2679805
DAZ_004,38.51184437,0.582555674,NA,NA,46.23242511,2.967766078,1050.062445,163.2414376
DIACOL_CALIMA,39.05211553,0.586211457,NA,NA,56.21646702,3.00665137,1194.86849,163.8565474
DRK_149,38.73224325,0.584710206,NA,NA,62.20639011,4.195077226,1509.422045,163.9515365
G19833,39.89150605,0.584395546,NA,NA,38.74944786,1.185601925,457.5012985,62.57782821
G4523,39.59529581,0.584594179,NA,NA,42.38576787,2.999654184,1397.244586,163.6176993
ICA_CALIMA,37.74854024,0.586443017,NA,NA,58.2189886,4.239847067,1156.125792,164.5845359
KAT_B1,37.53307391,0.583789524,NA,NA,48.94932016,2.979448156,1285.931932,163.9715084
KAT_B9,37.69023765,0.590987202,NA,NA,44.97056125,4.246663314,857.8859992,164.8341569
LPA_071,39.87039881,0.581738056,NA,NA,52.2820237,2.968711726,1134.276884,163.6273178
LPA_111,37.26025224,0.585366084,NA,NA,52.15046716,4.190757175,897.8909006,163.3270887
LPA_122,39.73055515,0.830296564,NA,NA,44.3417866,4.238280287,951.501402,164.3252195
LPA_146,39.86696204,0.583471839,NA,NA,49.58812008,2.993158294,1206.179783,164.8248759
LPA_164,38.89261973,0.582067508,NA,NA,55.78837762,4.187518518,900.4210928,163.3898368
LPA_406,39.52316011,0.586175189,NA,NA,45.83472224,4.224608034,888.9764799,163.9575727
LPA_426,38.56899561,0.584954175,NA,NA,46.40926371,2.993059571,1182.343219,164.9883287
LPA_435,37.25223813,0.584516979,NA,NA,46.70958706,4.196777642,1205.775236,163.9812053
LPA_467,38.866928,0.582530139,NA,NA,49.8564646,4.192613964,920.91461,163.6628266
LPA_499,39.40580301,0.5852802,NA,NA,44.19325612,4.202395838,1100.57529,164.0966873
LPA_512,39.36991808,0.828661071,NA,NA,54.73486804,2.993059613,1263.246101,163.8780429
LPA_530,36.99976506,0.58448542,NA,NA,44.24440178,4.193621729,1205.710686,163.5311129
LPA_546,37.93886589,0.581620763,NA,NA,54.17819632,2.970243411,910.9982632,163.5342599
LPA_566,39.90680399,0.585452823,NA,NA,57.66899042,4.227531237,969.8530125,164.3442175
LPA_568,37.46361154,0.582946957,NA,NA,44.26703528,4.199152683,824.1957775,163.731163
LPA_573,38.13529332,0.824155136,NA,NA,45.24296157,4.207419909,592.5534083,163.5312539
LPA_610,37.27235416,0.586369581,NA,NA,50.21146931,3.005655747,961.6883934,164.2660411
LPA_643,39.04729106,0.823064458,NA,NA,41.73840547,2.981700533,727.4601192,164.1803851
LPA_714,40.13609305,0.823348969,NA,NA,52.77709202,2.968963111,1098.58203,163.5757291
LPA_732,39.34529037,0.584592759,NA,NA,62.25889615,4.2280058,837.8534333,163.4890559
LPA_736,39.99145794,0.82249081,NA,NA,36.80788306,4.203776681,806.6811019,163.7562757
LYAMUNGO_85,39.18207776,0.822855634,NA,NA,44.92228259,4.205125546,837.6804477,163.4342245
MAZ_021,37.58328588,0.583356072,NA,NA,49.932406,4.247248261,1153.189071,164.3439981
MAZ_032,39.72534074,0.584113883,NA,NA,50.27854979,2.981415682,1224.710852,163.6332968
MAZ_048,38.97263196,0.586426302,NA,NA,37.92716835,2.998165097,1071.738961,164.4302676
NATAL_SUGAR,38.9461604,0.826726017,NA,NA,39.64226213,4.189785629,732.2056774,163.6775514
NDZ_002,38.70742283,0.823579815,NA,NA,45.46993692,2.986172287,1009.77061,164.4726052
NDZ_008,36.93925564,0.582880735,NA,NA,42.33333124,4.198063744,865.0361873,163.444476
NDZ_012,38.06716259,0.583442459,NA,NA,50.18991928,2.982684607,1176.463999,163.4192574
NUA_035,38.48299606,0.584227794,NA,NA,51.62407195,2.993267563,683.4773643,164.6211883
NUA_184,NA,NA,NA,NA,49.79534819,3.002385011,1020.245487,164.5145972
NUA_230,NA,NA,NA,NA,51.17938417,4.253071404,820.4751183,163.9698303
NUA_291,40.02469018,0.822981163,NA,NA,51.35728081,4.23901361,1030.863188,163.8112934
NUA_365,37.84809962,0.582408267,NA,NA,51.07099457,2.971549957,1228.17105,163.5408491
NUA_368,NA,NA,NA,NA,55.07793859,4.240349954,940.6273363,164.5093619
NUA_398,NA,NA,NA,NA,31.07534336,4.261946113,521.8025769,163.9197164
NUA_430,38.03930629,0.582636804,NA,NA,51.83265771,4.192646991,880.2944003,163.3067118
NUA_520,38.111311,0.587665809,NA,NA,54.73171797,4.295156522,1007.188382,165.3546195
NUA_537,37.88888591,0.582773813,NA,NA,53.5393189,2.968455148,1345.849696,163.5115377
PVA_773,39.36646062,0.583555858,NA,NA,48.89845551,4.19010793,1061.792502,163.3837241
RAA_021,40.14803986,0.583867569,NA,NA,45.33671018,2.98401696,1244.559701,163.851256
RAA_030,39.7156623,0.823166681,NA,NA,49.21991348,2.971507355,978.5478393,164.0820681
RAA_034,38.01042573,0.823039981,NA,NA,49.26594469,2.454364917,1165.663366,116.7067284
RED_CANADIAN_WONDER,38.5212207,0.581914429,NA,NA,34.60015178,2.964850402,954.4116457,163.4334484
RMA_072,39.7526162,0.582565695,NA,NA,48.32396656,4.204405718,1023.966141,163.2672381
RMX_019,NA,NA,NA,NA,46.28897714,2.994829928,795.2572151,163.9736061
RMX_020,NA,NA,NA,NA,35.69217869,2.966293039,940.9123215,163.2228352
SAA_015,37.62669831,0.58582611,NA,NA,47.22418588,2.988063389,1076.263653,163.7330511
SAA_017,38.03875608,0.583730198,NA,NA,53.17990631,2.97714053,1185.56178,163.5882808
SAA_020,38.47535896,0.583034231,NA,NA,53.95566416,2.968983679,1815.270962,163.4219187
SAA_021,37.56324547,0.585202931,NA,NA,51.19619098,2.996985693,1210.043466,163.588975
SAB_259,38.50855769,0.585836504,NA,NA,39.72296641,2.989397347,790.1884891,164.6935845
SAB_516,38.24194236,0.584123859,NA,NA,63.04447814,4.227338945,1282.322385,163.5891935
SAB_560,37.81013387,0.414120434,NA,NA,46.21639806,2.124576991,1270.611672,116.6567384
SAB_568,37.80403283,0.582944205,NA,NA,53.01005207,2.968760218,1268.712487,163.3055061
SAB_576,37.90648837,0.582748848,NA,NA,45.61011972,2.970136304,779.9232894,164.0966498
SAB_626,38.45143021,0.583184234,NA,NA,47.53775654,4.213532537,975.9181237,163.6770462
SAB_659,38.5259506,0.413200771,NA,NA,53.47452274,2.976374605,975.0820157,116.7481157
SAB_686,38.0595299,0.583837487,NA,NA,46.78864934,2.42647094,883.0173216,116.5717758
SAB_711,38.46728925,0.584324884,NA,NA,41.46964611,4.244981603,898.864063,164.0749686
SAB_712,38.48840686,0.583244766,NA,NA,42.89369563,4.190943589,685.66569,163.6152317
SAP_001-16,38.43412965,0.587420303,NA,NA,49.29730381,3.038654629,1263.524157,165.5251158
SEQ_1003,39.85148314,0.583251562,NA,NA,43.53256277,2.110721183,1090.571806,116.9899384
SEQ_1004,39.86960906,0.824661177,NA,NA,48.19414715,2.976926879,936.4154789,162.8165871
SEQ_1006,37.92444978,0.823195762,NA,NA,52.14965217,3.015650692,1301.120811,163.8728717
SEQ_1027,NA,NA,NA,NA,46.48112767,4.23066381,1284.005265,163.4099369
SUG_131,NA,NA,NA,NA,55.51297844,2.967967025,1223.629163,163.5099547
