Entry,MarketClass,Check,Source,Reference,PlantingLocation,GPS,ExperimentName,PlantingDate,Design,ENTRY,Replicates/Block,Plot,PlotRange,PlotColumn,RowLength(metres),RowSpacing(metres),RowsHarvested,PlotArea(m2),FloweringDate,MaturityDate,100SeedWeight(g),SeedMoisture(%),SeedMoistureCorrection((100-measuredmoisture)/(averageseedmoisture(82%)),PlotWeight(g),PlotWeight/PlotArea,Yield(kg/ha),,,
14L1203B,Cranberry,0,USDA-ARS,,LODS,"45°25'33.6""N, 73°55'43.0""W",21109,2021-06-01,RCBD,1,2,31,2,24,5,0.56,2,5.6,2021-07-09,2021-08-25,35,13.8,1.051219512,984,1757.142857,1847.142857,,,
14L1203B,Cranberry,0,USDA-ARS,,LODS,"45°25'33.6""N, 73°55'43.0""W",21109,2021-06-01,RCBD,1,1,6,6,21,5,0.56,2,5.6,2021-07-08,2021-08-25,38,14.1,1.047560976,857,1530.357143,1603.142422,,,
Adams - B18504,Black,1,Michigan State University (MSU),Kelly et al. 2021 - DOI: 10.1002/plr2.20063,LODS,"45°25'33.6""N, 73°55'43.0""W",21103,2021-06-01,RCBD,11,1,14,2,2,5,0.56,2,5.6,2021-07-22,2021-08-26,19,15.9,1.025609756,1408,2514.285714,2578.675958,,,
Adams - B18504,Black,1,Michigan State University (MSU),Kelly et al. 2021 - DOI: 10.1002/plr2.20063,LODS,"45°25'33.6""N, 73°55'43.0""W",21103,2021-06-01,RCBD,11,2,26,4,3,5,0.56,2,5.6,2021-07-24,2021-08-26,18,16.1,1.023170732,1582,2825,2890.457317,,,
Adams - B18504,Black,1,Michigan State University (MSU),Kelly et al. 2021 - DOI: 10.1002/plr2.20063,LODS,"45°25'33.6""N, 73°55'43.0""W",21111,2021-06-02,RCBD,15,1,1,4,1,5,0.76,2,7.6,,,18,11.6,1.07804878,863,1135.526316,1224.15276,,,
Adams - B18504,Black,1,Michigan State University (MSU),Kelly et al. 2021 - DOI: 10.1002/plr2.20063,LODS,"45°25'33.6""N, 73°55'43.0""W",21111,2021-06-02,RCBD,15,4,62,7,1,5,0.76,2,7.6,,,17,11.8,1.075609756,144,189.4736842,203.7997433,,,
Adams - B18504,Black,1,Michigan State University (MSU),Kelly et al. 2021 - DOI: 10.1002/plr2.20063,LODS,"45°25'33.6""N, 73°55'43.0""W",21111,2021-06-02,RCBD,15,3,34,6,1,5,0.76,2,7.6,,,16,12,1.073170732,737,969.7368421,1040.693196,,,
Adams - B18504,Black,1,Michigan State University (MSU),Kelly et al. 2021 - DOI: 10.1002/plr2.20063,LODS,"45°25'33.6""N, 73°55'43.0""W",21111,2021-06-02,RCBD,15,2,19,5,1,5,0.76,2,7.6,,,17,12,1.073170732,945,1243.421053,1334.403081,,,
Alphena - N11283,Navy,1,Michigan State University (MSU),Kelly et al. 2014 - DOI: 10.3198/jpr2014.04.0025crc,LODS,"45°25'33.6""N, 73°55'43.0""W",21103,2021-06-01,RCBD,4,1,6,6,1,5,0.56,2,5.6,2021-07-21,2021-08-26,16,16.5,1.018292683,820,1464.285714,1491.071429,,,
Alphena - N11283,Navy,1,Michigan State University (MSU),Kelly et al. 2014 - DOI: 10.3198/jpr2014.04.0025crc,LODS,"45°25'33.6""N, 73°55'43.0""W",21103,2021-06-01,RCBD,4,2,29,7,3,5,0.56,2,5.6,2021-07-17,2021-08-26,17,17.1,1.01097561,1037,1851.785714,1872.110192,,,
B15447,Black,0,Michigan State University (MSU),,LODS,"45°25'33.6""N, 73°55'43.0""W",21103,2021-06-01,RCBD,13,2,40,6,4,5,0.56,2,5.6,2021-07-14,2021-08-26,20,17.6,1.004878049,1254,2239.285714,2250.209059,,,
B15447,Black,0,Michigan State University (MSU),,LODS,"45°25'33.6""N, 73°55'43.0""W",21103,2021-06-01,RCBD,13,1,7,7,1,5,0.56,2,5.6,2021-07-23,2021-08-26,19,18.6,0.992682927,1080,1928.571429,1914.45993,,,
B16501,Black,0,Michigan State University (MSU),,LODS,"45°25'33.6""N, 73°55'43.0""W",21103,2021-06-01,RCBD,17,1,22,10,2,5,0.56,2,5.6,2021-07-17,2021-08-26,18,17,1.012195122,1300,2321.428571,2349.738676,,,
B16501,Black,0,Michigan State University (MSU),,LODS,"45°25'33.6""N, 73°55'43.0""W",21103,2021-06-01,RCBD,17,2,39,5,4,5,0.56,2,5.6,2021-07-23,2021-08-26,20,18,1,1374,2453.571429,2453.571429,,,
B16504,Black,0,Michigan State University (MSU),,LODS,"45°25'33.6""N, 73°55'43.0""W",21103,2021-06-01,RCBD,12,1,15,3,2,5,0.56,2,5.6,2021-07-24,2021-08-26,17,16.8,1.014634146,1425,2544.642857,2581.881533,,,
B16504,Black,0,Michigan State University (MSU),,LODS,"45°25'33.6""N, 73°55'43.0""W",21103,2021-06-01,RCBD,12,2,34,12,3,5,0.56,2,5.6,2021-07-18,2021-08-26,18,18.4,0.995121951,1539,2748.214286,2734.808362,,,
B17207,Black,0,Michigan State University (MSU),,LODS,"45°25'33.6""N, 73°55'43.0""W",21103,2021-06-01,RCBD,16,2,23,1,3,5,0.56,2,5.6,2021-07-13,2021-08-26,17,15.1,1.035365854,1703,3041.071429,3148.621516,,,
B17207,Black,0,Michigan State University (MSU),,LODS,"45°25'33.6""N, 73°55'43.0""W",21103,2021-06-01,RCBD,16,1,9,9,1,5,0.56,2,5.6,2021-07-19,2021-08-26,19,15.2,1.034146341,781,1394.642857,1442.264808,,,
B17259,Black,0,Michigan State University (MSU),,LODS,"45°25'33.6""N, 73°55'43.0""W",21103,2021-06-01,RCBD,20,1,2,2,1,5,0.56,2,5.6,2021-07-22,2021-08-26,18,14.3,1.045121951,1176,2100,2194.756098,,,
B17259,Black,0,Michigan State University (MSU),,LODS,"45°25'33.6""N, 73°55'43.0""W",21103,2021-06-01,RCBD,20,2,35,1,4,5,0.56,2,5.6,2021-07-14,2021-08-26,17,16.9,1.013414634,1752,3128.571429,3170.54007,,,
B17269,Black,0,Michigan State University (MSU),,LODS,"45°25'33.6""N, 73°55'43.0""W",21103,2021-06-01,RCBD,19,1,20,8,2,5,0.56,2,5.6,2021-07-19,2021-08-26,19,15.3,1.032926829,1328,2371.428571,2449.512195,,,
B17269,Black,0,Michigan State University (MSU),,LODS,"45°25'33.6""N, 73°55'43.0""W",21103,2021-06-01,RCBD,19,2,25,3,3,5,0.56,2,5.6,2021-07-24,2021-08-26,18,16.3,1.020731707,1094,1953.571429,1994.0723,,,
B17298,Black,0,Michigan State University (MSU),,LODS,"45°25'33.6""N, 73°55'43.0""W",21103,2021-06-01,RCBD,18,1,5,5,1,5,0.56,2,5.6,2021-07-24,2021-08-26,19,16.3,1.020731707,1097,1958.928571,1999.540505,,,
B17298,Black,0,Michigan State University (MSU),,LODS,"45°25'33.6""N, 73°55'43.0""W",21103,2021-06-01,RCBD,18,2,38,4,4,5,0.56,2,5.6,2021-07-21,2021-08-26,20,16.9,1.013414634,1249,2230.357143,2260.276568,,,
B17315,Black,0,Michigan State University (MSU),,LODS,"45°25'33.6""N, 73°55'43.0""W",21103,2021-06-01,RCBD,14,2,30,8,3,5,0.56,2,5.6,2021-07-19,2021-08-26,15,21.2,0.96097561,1244,2221.428571,2134.738676,,,
B17315,Black,0,Michigan State University (MSU),,LODS,"45°25'33.6""N, 73°55'43.0""W",21103,2021-06-01,RCBD,14,1,16,4,2,5,0.56,2,5.6,2021-07-26,2021-08-26,17,21.3,0.959756098,980,1750,1679.573171,,,
C11212,Cranberry,0,Michigan State University (MSU),,LODS,"45°25'33.6""N, 73°55'43.0""W",21108,2021-06-02,RCBD,8,2,31,10,19,5,0.56,2,5.6,2021-07-19,2021-08-25,46,14.9,1.037804878,1352,2414.285714,2505.557491,,,
C11212,Cranberry,0,Michigan State University (MSU),,LODS,"45°25'33.6""N, 73°55'43.0""W",21108,2021-06-02,RCBD,8,1,9,9,17,5,0.56,2,5.6,2021-07-18,2021-08-25,47,15.1,1.035365854,1033,1844.642857,1909.880226,,,
C11223,Cranberry,0,Michigan State University (MSU),,LODS,"45°25'33.6""N, 73°55'43.0""W",21108,2021-06-02,RCBD,9,2,32,11,19,5,0.56,2,5.6,2021-07-16,2021-08-25,41,14.2,1.046341463,1358,2425,2537.378049,,,
C11223,Cranberry,0,Michigan State University (MSU),,LODS,"45°25'33.6""N, 73°55'43.0""W",21108,2021-06-02,RCBD,9,1,2,2,17,5,0.56,2,5.6,2021-07-17,2021-08-25,44,14.8,1.03902439,1242,2217.857143,2304.407666,,,
C11258,Cranberry,0,Michigan State University (MSU),,LODS,"45°25'33.6""N, 73°55'43.0""W",21108,2021-06-02,RCBD,6,2,24,3,19,5,0.56,2,5.6,2021-07-16,2021-08-25,31,14.4,1.043902439,747,1333.928571,1392.491289,,,
C11258,Cranberry,0,Michigan State University (MSU),,LODS,"45°25'33.6""N, 73°55'43.0""W",21108,2021-06-02,RCBD,6,1,19,7,18,5,0.56,2,5.6,2021-07-14,2021-08-25,42,14.9,1.037804878,1145,2044.642857,2121.940331,,,
C11263,Cranberry,0,Michigan State University (MSU),,LODS,"45°25'33.6""N, 73°55'43.0""W",21108,2021-06-02,RCBD,7,1,10,10,17,5,0.56,2,5.6,2021-07-16,2021-08-25,36,14.2,1.046341463,1054,1882.142857,1969.364111,,,
C11263,Cranberry,0,Michigan State University (MSU),,LODS,"45°25'33.6""N, 73°55'43.0""W",21108,2021-06-02,RCBD,7,2,33,12,19,5,0.56,2,5.6,2021-07-16,2021-08-25,43,14.4,1.043902439,1076,1921.428571,2005.783972,,,
C11266,Cranberry,0,Michigan State University (MSU),,LODS,"45°25'33.6""N, 73°55'43.0""W",21108,2021-06-02,RCBD,3,1,20,8,18,5,0.56,2,5.6,2021-07-16,2021-08-25,43,14.7,1.040243902,942,1682.142857,1749.83885,,,
C11266,Cranberry,0,Michigan State University (MSU),,LODS,"45°25'33.6""N, 73°55'43.0""W",21108,2021-06-02,RCBD,3,2,29,8,19,5,0.56,2,5.6,2021-07-18,2021-08-25,41,15,1.036585366,1434,2560.714286,2654.398955,,,
C11269,Cranberry,0,Michigan State University (MSU),,LODS,"45°25'33.6""N, 73°55'43.0""W",21108,2021-06-02,RCBD,2,2,37,4,20,5,0.56,2,5.6,2021-07-17,2021-08-25,46,14.7,1.040243902,1440,2571.428571,2674.912892,,,
C11269,Cranberry,0,Michigan State University (MSU),,LODS,"45°25'33.6""N, 73°55'43.0""W",21108,2021-06-02,RCBD,2,1,16,4,18,5,0.56,2,5.6,2021-07-17,2021-08-25,49,14.7,1.040243902,1569,2801.785714,2914.540505,,,
C11320,Cranberry,0,Michigan State University (MSU),,LODS,"45°25'33.6""N, 73°55'43.0""W",21108,2021-06-02,RCBD,5,1,1,1,17,5,0.56,2,5.6,2021-07-16,2021-08-25,38,13.6,1.053658537,944,1685.714286,1776.167247,,,
C11320,Cranberry,0,Michigan State University (MSU),,LODS,"45°25'33.6""N, 73°55'43.0""W",21108,2021-06-02,RCBD,5,2,28,7,19,5,0.56,2,5.6,2021-07-18,2021-08-25,42,14.7,1.040243902,1237,2208.928571,2297.824477,,,
C11373,Cranberry,0,Michigan State University (MSU),,LODS,"45°25'33.6""N, 73°55'43.0""W",21108,2021-06-02,RCBD,4,2,23,2,19,5,0.56,2,5.6,2021-07-15,2021-08-25,47,14.4,1.043902439,1378,2460.714286,2568.745645,,,
C11373,Cranberry,0,Michigan State University (MSU),,LODS,"45°25'33.6""N, 73°55'43.0""W",21108,2021-06-02,RCBD,4,1,13,1,18,5,0.56,2,5.6,2021-07-15,2021-08-25,49,14.6,1.041463415,1220,2178.571429,2268.902439,,,
C13403,Cranberry,0,Michigan State University (MSU),,LODS,"45°25'33.6""N, 73°55'43.0""W",21108,2021-06-02,RCBD,15,2,34,1,20,5,0.56,2,5.6,2021-07-15,2021-08-25,51,14.5,1.042682927,1320,2357.142857,2457.752613,,,
C13403,Cranberry,0,Michigan State University (MSU),,LODS,"45°25'33.6""N, 73°55'43.0""W",21108,2021-06-02,RCBD,15,1,8,8,17,5,0.56,2,5.6,2021-07-13,2021-08-25,49,14.9,1.037804878,1368,2442.857143,2535.209059,,,
C13404,Cranberry,0,Michigan State University (MSU),,LODS,"45°25'33.6""N, 73°55'43.0""W",21108,2021-06-02,RCBD,17,1,12,12,17,5,0.56,2,5.6,2021-07-16,2021-08-25,37,14.3,1.045121951,696,1242.857143,1298.937282,,,
C13404,Cranberry,0,Michigan State University (MSU),,LODS,"45°25'33.6""N, 73°55'43.0""W",21108,2021-06-02,RCBD,17,2,26,5,19,5,0.56,2,5.6,2021-07-18,2021-08-25,38,14.3,1.045121951,1080,1928.571429,2015.592334,,,
C13406,Cranberry,0,Michigan State University (MSU),,LODS,"45°25'33.6""N, 73°55'43.0""W",21108,2021-06-02,RCBD,14,1,7,7,17,5,0.56,2,5.6,2021-07-14,2021-08-25,41,14.4,1.043902439,1032,1842.857143,1923.763066,,,
C13406,Cranberry,0,Michigan State University (MSU),,LODS,"45°25'33.6""N, 73°55'43.0""W",21108,2021-06-02,RCBD,14,2,36,3,20,5,0.56,2,5.6,2021-07-18,2021-08-25,40,14.8,1.03902439,1125,2008.928571,2087.325784,,,
C13411,Cranberry,0,Michigan State University (MSU),,LODS,"45°25'33.6""N, 73°55'43.0""W",21108,2021-06-02,RCBD,12,2,42,9,20,5,0.56,2,5.6,2021-07-14,2021-08-25,44,14.7,1.040243902,1033,1844.642857,1918.878484,,,
C13411,Cranberry,0,Michigan State University (MSU),,LODS,"45°25'33.6""N, 73°55'43.0""W",21108,2021-06-02,RCBD,12,1,17,5,18,5,0.56,2,5.6,2021-07-17,2021-08-25,35,14.8,1.03902439,1068,1907.142857,1981.567944,,,
C13413,Cranberry,0,Michigan State University (MSU),,LODS,"45°25'33.6""N, 73°55'43.0""W",21108,2021-06-02,RCBD,11,2,38,5,20,5,0.56,2,5.6,2021-07-16,2021-08-25,46,15.1,1.035365854,1189,2123.214286,2198.303571,,,
C13413,Cranberry,0,Michigan State University (MSU),,LODS,"45°25'33.6""N, 73°55'43.0""W",21108,2021-06-02,RCBD,11,1,4,4,17,5,0.56,2,5.6,2021-07-18,2021-08-25,42,15.1,1.035365854,1203,2148.214286,2224.187718,,,
C13414,Cranberry,0,Michigan State University (MSU),,LODS,"45°25'33.6""N, 73°55'43.0""W",21108,2021-06-02,RCBD,16,2,22,1,19,5,0.56,2,5.6,2021-07-15,2021-08-25,48,15.2,1.034146341,1113,1987.5,2055.365854,,,
C13414,Cranberry,0,Michigan State University (MSU),,LODS,"45°25'33.6""N, 73°55'43.0""W",21108,2021-06-02,RCBD,16,1,14,2,18,5,0.56,2,5.6,2021-07-16,2021-08-25,48,15.2,1.034146341,1355,2419.642857,2502.264808,,,
C13417,Cranberry,0,Michigan State University (MSU),,LODS,"45°25'33.6""N, 73°55'43.0""W",21108,2021-06-02,RCBD,13,2,35,2,20,5,0.56,2,5.6,2021-07-15,2021-08-25,47,14.7,1.040243902,1319,2355.357143,2450.145906,,,
C13417,Cranberry,0,Michigan State University (MSU),,LODS,"45°25'33.6""N, 73°55'43.0""W",21108,2021-06-02,RCBD,13,1,5,5,17,5,0.56,2,5.6,2021-07-16,2021-08-25,49,14.7,1.040243902,1463,2612.5,2717.637195,,,
C14501,Cranberry,0,Michigan State University (MSU),,LODS,"45°25'33.6""N, 73°55'43.0""W",21108,2021-06-02,RCBD,18,1,18,6,18,5,0.56,2,5.6,2021-07-18,2021-08-25,29,14.3,1.045121951,973,1737.5,1815.89939,,,
C14501,Cranberry,0,Michigan State University (MSU),,LODS,"45°25'33.6""N, 73°55'43.0""W",21108,2021-06-02,RCBD,18,2,41,8,20,5,0.56,2,5.6,2021-07-14,2021-08-25,40,14.5,1.042682927,1513,2701.785714,2817.105836,,,
C14504,Cranberry,0,Michigan State University (MSU),,LODS,"45°25'33.6""N, 73°55'43.0""W",21108,2021-06-02,RCBD,19,2,40,7,20,5,0.56,2,5.6,2021-07-14,2021-08-25,44,14.4,1.043902439,1162,2075,2166.097561,,,
C14504,Cranberry,0,Michigan State University (MSU),,LODS,"45°25'33.6""N, 73°55'43.0""W",21108,2021-06-02,RCBD,19,1,21,9,18,5,0.56,2,5.6,2021-07-16,2021-08-25,42,14.6,1.041463415,1696,3028.571429,3154.146341,,,
C14506,Cranberry,0,Michigan State University (MSU),,LODS,"45°25'33.6""N, 73°55'43.0""W",21108,2021-06-02,RCBD,20,1,15,3,18,5,0.56,2,5.6,2021-07-14,2021-08-25,32,13.4,1.056097561,1336,2385.714286,2519.547038,,,
C14506,Cranberry,0,Michigan State University (MSU),,LODS,"45°25'33.6""N, 73°55'43.0""W",21108,2021-06-02,RCBD,20,2,25,4,19,5,0.56,2,5.6,2021-07-17,2021-08-25,37,14.4,1.043902439,1200,2142.857143,2236.933798,,,
C99833,Cranberry,0,Michigan State University (MSU),,LODS,"45°25'33.6""N, 73°55'43.0""W",21108,2021-06-02,RCBD,10,2,27,6,19,5,0.56,2,5.6,2021-07-19,2021-08-25,41,14.9,1.037804878,1170,2089.285714,2168.270906,,,
C99833,Cranberry,0,Michigan State University (MSU),,LODS,"45°25'33.6""N, 73°55'43.0""W",21108,2021-06-02,RCBD,10,1,6,6,17,5,0.56,2,5.6,2021-07-17,2021-08-25,44,14.9,1.037804878,1209,2158.928571,2240.546603,,,
Cayene - R12844,Small Red,1,Michigan State University (MSU),Kelly et al. 2018 - DOI: 10.3198/jpr2017.05.0033crc,LODS,"45°25'33.6""N, 73°55'43.0""W",21106,2021-06-01,RCBD,11,1,6,6,9,5,0.56,2,5.6,2021-07-15,2021-08-25,27,14.8,1.03902439,979,1748.214286,1816.437282,,,
Cayene - R12844,Small Red,1,Michigan State University (MSU),Kelly et al. 2018 - DOI: 10.3198/jpr2017.05.0033crc,LODS,"45°25'33.6""N, 73°55'43.0""W",21106,2021-06-01,RCBD,11,2,17,4,11,5,0.56,2,5.6,2021-07-15,2021-08-25,28,14.8,1.03902439,1420,2535.714286,2634.66899,,,
CELRK,Light Red Kidney,1,Treasure Valley Seed Company,,LODS,"45°25'33.6""N, 73°55'43.0""W",21111,2021-06-02,RCBD,14,2,31,3,4,5,0.76,2,7.6,,,52,12.2,1.070731707,462,607.8947368,650.8921694,,,
CELRK,Light Red Kidney,1,Treasure Valley Seed Company,,LODS,"45°25'33.6""N, 73°55'43.0""W",21111,2021-06-02,RCBD,14,3,43,4,4,5,0.76,2,7.6,,,50,12.6,1.065853659,1315,1730.263158,1844.207317,,,
CELRK,Light Red Kidney,1,Treasure Valley Seed Company,,LODS,"45°25'33.6""N, 73°55'43.0""W",21111,2021-06-02,RCBD,14,1,2,2,4,5,0.76,2,7.6,,,54,13,1.06097561,657,864.4736842,917.1854942,,,
CELRK,Light Red Kidney,1,Treasure Valley Seed Company,,LODS,"45°25'33.6""N, 73°55'43.0""W",21111,2021-06-02,RCBD,14,4,50,1,5,5,0.76,2,7.6,,,47,13.3,1.057317073,746,981.5789474,1037.84018,,,
Charro - P16901,Pinto,1,Michigan State University (MSU),Kelly et al. 2018 - DOI: 10.1002/plr2.20071,LODS,"45°25'33.6""N, 73°55'43.0""W",21105,2021-06-01,RCBD,1,1,6,6,7,5,0.56,2,5.6,2021-07-22,2021-08-26,28,14.2,1.046341463,1044,1864.285714,1950.679443,,,
Charro - P16901,Pinto,1,Michigan State University (MSU),Kelly et al. 2018 - DOI: 10.1002/plr2.20071,LODS,"45°25'33.6""N, 73°55'43.0""W",21105,2021-06-01,RCBD,1,2,25,10,9,5,0.56,2,5.6,2021-07-23,2021-08-26,28,15.3,1.032926829,1315,2348.214286,2425.533537,,,
Coho - K15601,Light Red Kidney,1,Michigan State University (MSU),Kelly et al. 2020 - DOI: 10.1002/plr2.20051,LODS,"45°25'33.6""N, 73°55'43.0""W",21107,2021-06-02,RCBD,2,1,2,2,13,5,0.56,2,5.6,2021-07-15,2021-08-25,36,14.6,1.041463415,853,1523.214286,1586.371951,,,
Coho - K15601,Light Red Kidney,1,Michigan State University (MSU),Kelly et al. 2020 - DOI: 10.1002/plr2.20051,LODS,"45°25'33.6""N, 73°55'43.0""W",21107,2021-06-02,RCBD,2,2,20,5,15,5,0.56,2,5.6,2021-07-14,2021-08-25,37,14.8,1.03902439,870,1553.571429,1614.198606,,,
Coral - S18904,Pink,1,Michigan State University (MSU),Gomez et al. 2024 - DOI: 10.1002/plr2.20376,LODS,"45°25'33.6""N, 73°55'43.0""W",21106,2021-06-01,RCBD,5,1,1,1,9,5,0.56,2,5.6,2021-07-14,2021-08-25,30,15.2,1.034146341,728,1300,1344.390244,,,
Coral - S18904,Pink,1,Michigan State University (MSU),Gomez et al. 2024 - DOI: 10.1002/plr2.20376,LODS,"45°25'33.6""N, 73°55'43.0""W",21106,2021-06-01,RCBD,5,2,15,2,11,5,0.56,2,5.6,2021-07-18,2021-08-25,30,15.6,1.029268293,1095,1955.357143,2012.587108,,,
CR1502_3,Cranberry,0,USDA-ARS/MSU,,LODS,"45°25'33.6""N, 73°55'43.0""W",21109,2021-06-01,RCBD,2,1,13,1,22,5,0.56,2,5.6,2021-07-08,2021-08-25,47,13.9,1.05,981,1751.785714,1839.375,,,
CR1502_3,Cranberry,0,USDA-ARS/MSU,,LODS,"45°25'33.6""N, 73°55'43.0""W",21109,2021-06-01,RCBD,2,2,19,2,23,5,0.56,2,5.6,2021-07-11,2021-08-25,40,14.5,1.042682927,1028,1835.714286,1914.067944,,,
CR1503_1,Cranberry,0,USDA-ARS/MSU,,LODS,"45°25'33.6""N, 73°55'43.0""W",21109,2021-06-01,RCBD,3,2,21,4,23,5,0.56,2,5.6,2021-07-12,2021-08-25,46,13.9,1.05,589,1051.785714,1104.375,,,
CR1503_1,Cranberry,0,USDA-ARS/MSU,,LODS,"45°25'33.6""N, 73°55'43.0""W",21109,2021-06-01,RCBD,3,1,15,3,22,5,0.56,2,5.6,2021-07-11,2021-08-25,37,14.5,1.042682927,680,1214.285714,1266.114983,,,
CR1503_4,Cranberry,0,USDA-ARS/MSU,,LODS,"45°25'33.6""N, 73°55'43.0""W",21109,2021-06-01,RCBD,4,1,12,12,21,5,0.56,2,5.6,2021-07-11,2021-08-25,37,-9,1.329268293,397,708.9285714,942.3562718,,,
CR1503_4,Cranberry,0,USDA-ARS/MSU,,LODS,"45°25'33.6""N, 73°55'43.0""W",21109,2021-06-01,RCBD,4,2,27,10,23,5,0.56,2,5.6,2021-07-14,2021-08-25,37,14.7,1.040243902,509,908.9285714,945.5074042,,,
CR1701-1,Cranberry,0,USDA-ARS/MSU,,LODS,"45°25'33.6""N, 73°55'43.0""W",21109,2021-06-01,RCBD,5,2,28,11,23,5,0.56,2,5.6,2021-07-11,2021-08-25,48,11.4,1.080487805,1013,1808.928571,1954.525261,,,
CR1701-1,Cranberry,0,USDA-ARS/MSU,,LODS,"45°25'33.6""N, 73°55'43.0""W",21109,2021-06-01,RCBD,5,1,10,10,21,5,0.56,2,5.6,2021-07-16,2021-08-25,40,14.6,1.041463415,1319,2355.357143,2453.018293,,,
CR1701-2,Cranberry,0,USDA-ARS/MSU,,LODS,"45°25'33.6""N, 73°55'43.0""W",21109,2021-06-01,RCBD,6,2,24,7,23,5,0.56,2,5.6,2021-07-06,2021-08-25,37,14.6,1.041463415,864,1542.857143,1606.829268,,,
CR1701-2,Cranberry,0,USDA-ARS/MSU,,LODS,"45°25'33.6""N, 73°55'43.0""W",21109,2021-06-01,RCBD,6,1,5,5,21,5,0.56,2,5.6,2021-07-09,2021-08-25,40,14.7,1.040243902,1010,1803.571429,1876.154181,,,
CR1701-3,Cranberry,0,USDA-ARS/MSU,,LODS,"45°25'33.6""N, 73°55'43.0""W",21109,2021-06-01,RCBD,7,1,11,11,21,5,0.56,2,5.6,2021-07-15,2021-08-25,41,13.5,1.054878049,1056,1885.714286,1989.198606,,,
CR1701-3,Cranberry,0,USDA-ARS/MSU,,LODS,"45°25'33.6""N, 73°55'43.0""W",21109,2021-06-01,RCBD,7,2,18,1,23,5,0.56,2,5.6,2021-07-12,2021-08-25,50,14.4,1.043902439,849,1516.071429,1582.630662,,,
CR1702-1,Cranberry,0,USDA-ARS/MSU,,LODS,"45°25'33.6""N, 73°55'43.0""W",21109,2021-06-01,RCBD,8,2,20,3,23,5,0.56,2,5.6,2021-07-17,2021-08-25,42,14.4,1.043902439,1061,1894.642857,1977.8223,,,
CR1702-1,Cranberry,0,USDA-ARS/MSU,,LODS,"45°25'33.6""N, 73°55'43.0""W",21109,2021-06-01,RCBD,8,1,16,4,22,5,0.56,2,5.6,2021-07-15,2021-08-25,42,14.5,1.042682927,964,1721.428571,1794.904181,,,
CR1703-1,Cranberry,0,USDA-ARS/MSU,,LODS,"45°25'33.6""N, 73°55'43.0""W",21109,2021-06-01,RCBD,9,2,22,5,23,5,0.56,2,5.6,2021-07-08,2021-08-25,34,13.9,1.05,783,1398.214286,1468.125,,,
CR1703-1,Cranberry,0,USDA-ARS/MSU,,LODS,"45°25'33.6""N, 73°55'43.0""W",21109,2021-06-01,RCBD,9,1,17,5,22,5,0.56,2,5.6,2021-07-07,2021-08-25,33,14.7,1.040243902,833,1487.5,1547.362805,,,
CR1703-2,Cranberry,0,USDA-ARS/MSU,,LODS,"45°25'33.6""N, 73°55'43.0""W",21109,2021-06-01,RCBD,10,2,32,3,24,5,0.56,2,5.6,2021-07-07,2021-08-25,38,13.9,1.05,852,1521.428571,1597.5,,,
CR1703-2,Cranberry,0,USDA-ARS/MSU,,LODS,"45°25'33.6""N, 73°55'43.0""W",21109,2021-06-01,RCBD,10,1,1,1,21,5,0.56,2,5.6,2021-07-07,2021-08-25,27,14.4,1.043902439,1111,1983.928571,2071.027875,,,
CR1703-3,Cranberry,0,USDA-ARS/MSU,,LODS,"45°25'33.6""N, 73°55'43.0""W",21109,2021-06-01,RCBD,11,2,26,9,23,5,0.56,2,5.6,2021-07-18,2021-08-25,45,14.8,1.03902439,498,889.2857143,923.989547,,,
CR1703-3,Cranberry,0,USDA-ARS/MSU,,LODS,"45°25'33.6""N, 73°55'43.0""W",21109,2021-06-01,RCBD,11,1,2,2,21,5,0.56,2,5.6,2021-07-06,2021-08-25,42,14.9,1.037804878,637,1137.5,1180.503049,,,
CR1704-2,Cranberry,0,USDA-ARS/MSU,,LODS,"45°25'33.6""N, 73°55'43.0""W",21109,2021-06-01,RCBD,13,2,23,6,23,5,0.56,2,5.6,2021-07-06,2021-08-25,37,14.2,1.046341463,852,1521.428571,1591.933798,,,
CR1704-2,Cranberry,0,USDA-ARS/MSU,,LODS,"45°25'33.6""N, 73°55'43.0""W",21109,2021-06-01,RCBD,13,1,4,4,21,5,0.56,2,5.6,2021-07-11,2021-08-25,40,14.6,1.041463415,1042,1860.714286,1937.865854,,,
CR1704-3,Cranberry,0,USDA-ARS/MSU,,LODS,"45°25'33.6""N, 73°55'43.0""W",21109,2021-06-01,RCBD,14,1,9,9,21,5,0.56,2,5.6,2021-07-07,2021-08-25,36,13.4,1.056097561,924,1650,1742.560976,,,
CR1704-3,Cranberry,0,USDA-ARS/MSU,,LODS,"45°25'33.6""N, 73°55'43.0""W",21109,2021-06-01,RCBD,14,2,29,12,23,5,0.56,2,5.6,2021-07-08,2021-08-25,41,14.3,1.045121951,906,1617.857143,1690.858014,,,
CR1704-4,Cranberry,0,USDA-ARS/MSU,,LODS,"45°25'33.6""N, 73°55'43.0""W",21109,2021-06-01,RCBD,15,2,30,1,24,5,0.56,2,5.6,2021-07-08,2021-08-25,38,14.6,1.041463415,1141,2037.5,2121.981707,,,
CR1704-4,Cranberry,0,USDA-ARS/MSU,,LODS,"45°25'33.6""N, 73°55'43.0""W",21109,2021-06-01,RCBD,15,1,8,8,21,5,0.56,2,5.6,2021-07-07,2021-08-25,42,14.8,1.03902439,646,1153.571429,1198.58885,,,
Denali - K16924,White Kidney,1,Michigan State University (MSU),Gomez et al. 2024 - DOI: 10.1002/plr2.20369,LODS,"45°25'33.6""N, 73°55'43.0""W",21107,2021-06-02,RCBD,8,1,8,8,13,5,0.56,2,5.6,2021-07-17,2021-08-25,42,14,1.048780488,1343,2398.214286,2515.200348,,,
Denali - K16924,White Kidney,1,Michigan State University (MSU),Gomez et al. 2024 - DOI: 10.1002/plr2.20369,LODS,"45°25'33.6""N, 73°55'43.0""W",21107,2021-06-02,RCBD,8,2,23,8,15,5,0.56,2,5.6,2021-07-15,2021-08-25,49,14.6,1.041463415,1030,1839.285714,1915.54878,,,
Eiger - G16351,Great Northern,1,Michigan State University (MSU),Kelly et al. 2021 - DOI: 10.1002/plr2.20090,LODS,"45°25'33.6""N, 73°55'43.0""W",21104,2021-06-01,RCBD,3,1,1,1,5,5,0.56,2,5.6,2021-07-17,2021-08-26,27,14.2,1.046341463,1871,3341.071429,3495.901568,,,
Eiger - G16351,Great Northern,1,Michigan State University (MSU),Kelly et al. 2021 - DOI: 10.1002/plr2.20090,LODS,"45°25'33.6""N, 73°55'43.0""W",21104,2021-06-01,RCBD,3,2,22,10,6,5,0.56,2,5.6,2021-07-23,2021-08-26,27,16.1,1.023170732,1095,1955.357143,2000.664199,,,
Etna,Cranberry,1,Treasure Valley Seed Company,https://www.vegetables.bayer.com/ca/en-ca/products/bean/details.html/bean_etna_usa_seminis_all_processing_professionals_all.htmlca/products/bean/details.html/bean_etna_usa_seminis_all_processing_professionals_all.html,LODS,"45°25'33.6""N, 73°55'43.0""W",21108,2021-06-02,RCBD,1,3,11,11,17,5,0.56,2,5.6,2021-07-16,2021-08-25,41,13.8,1.051219512,1224,2185.714286,2297.665505,,,
Etna,Cranberry,1,Treasure Valley Seed Company,https://www.vegetables.bayer.com/ca/en-ca/products/bean/details.html/bean_etna_usa_seminis_all_processing_professionals_all.htmlca/products/bean/details.html/bean_etna_usa_seminis_all_processing_professionals_all.html,LODS,"45°25'33.6""N, 73°55'43.0""W",21108,2021-06-02,RCBD,21,2,39,6,20,5,0.56,2,5.6,2021-07-15,2021-08-25,48,14.2,1.046341463,1375,2455.357143,2569.141986,,,
Etna,Cranberry,1,Treasure Valley Seed Company,https://www.vegetables.bayer.com/ca/en-ca/products/bean/details.html/bean_etna_usa_seminis_all_processing_professionals_all.htmlca/products/bean/details.html/bean_etna_usa_seminis_all_processing_professionals_all.html,LODS,"45°25'33.6""N, 73°55'43.0""W",21108,2021-06-02,RCBD,21,1,3,3,17,5,0.56,2,5.6,2021-07-16,2021-08-25,36,14.8,1.03902439,1214,2167.857143,2252.456446,,,
Etna,Cranberry,1,Treasure Valley Seed Company,https://www.vegetables.bayer.com/ca/en-ca/products/bean/details.html/bean_etna_usa_seminis_all_processing_professionals_all.htmlca/products/bean/details.html/bean_etna_usa_seminis_all_processing_professionals_all.html,LODS,"45°25'33.6""N, 73°55'43.0""W",21108,2021-06-02,RCBD,1,4,30,9,19,5,0.56,2,5.6,2021-07-19,2021-08-25,52,14.8,1.03902439,1413,2523.214286,2621.681185,,,
Etna,Cranberry,1,Treasure Valley Seed Company,https://www.vegetables.bayer.com/ca/en-ca/products/bean/details.html/bean_etna_usa_seminis_all_processing_professionals_all.htmlca/products/bean/details.html/bean_etna_usa_seminis_all_processing_professionals_all.html,LODS,"45°25'33.6""N, 73°55'43.0""W",21109,2021-06-01,RCBD,17,2,34,5,24,5,0.56,2,5.6,2021-07-11,2021-08-25,40,14.3,1.045121951,1196,2135.714286,2232.081882,,,
Etna,Cranberry,1,Treasure Valley Seed Company,https://www.vegetables.bayer.com/ca/en-ca/products/bean/details.html/bean_etna_usa_seminis_all_processing_professionals_all.htmlca/products/bean/details.html/bean_etna_usa_seminis_all_processing_professionals_all.html,LODS,"45°25'33.6""N, 73°55'43.0""W",21109,2021-06-01,RCBD,17,1,7,7,21,5,0.56,2,5.6,2021-07-11,2021-08-25,40,14.5,1.042682927,1061,1894.642857,1975.51176,,,
G16305,Great Northern,0,Michigan State University (MSU),,LODS,"45°25'33.6""N, 73°55'43.0""W",21104,2021-06-01,RCBD,7,2,20,8,6,5,0.56,2,5.6,2021-07-19,2021-08-26,27,14.3,1.045121951,1363,2433.928571,2543.752178,,,
G16305,Great Northern,0,Michigan State University (MSU),,LODS,"45°25'33.6""N, 73°55'43.0""W",21104,2021-06-01,RCBD,7,1,10,10,5,5,0.56,2,5.6,2021-07-16,2021-08-26,29,14.6,1.041463415,982,1753.571429,1826.280488,,,
G16338,Great Northern,0,Michigan State University (MSU),,LODS,"45°25'33.6""N, 73°55'43.0""W",21104,2021-06-01,RCBD,10,2,13,1,6,5,0.56,2,5.6,2021-07-23,2021-08-26,20,14.6,1.041463415,554,989.2857143,1030.304878,,,
G16338,Great Northern,0,Michigan State University (MSU),,LODS,"45°25'33.6""N, 73°55'43.0""W",21104,2021-06-01,RCBD,10,1,6,6,5,5,0.56,2,5.6,2021-07-21,2021-08-26,22,15.2,1.034146341,541,966.0714286,999.0592334,,,
G16345,Great Northern,0,Michigan State University (MSU),,LODS,"45°25'33.6""N, 73°55'43.0""W",21104,2021-06-01,RCBD,4,1,8,8,5,5,0.56,2,5.6,2021-07-17,2021-08-26,25,14.1,1.047560976,1028,1835.714286,1923.022648,,,
G16345,Great Northern,0,Michigan State University (MSU),,LODS,"45°25'33.6""N, 73°55'43.0""W",21104,2021-06-01,RCBD,4,2,19,7,6,5,0.56,2,5.6,2021-07-13,2021-08-26,24,14.5,1.042682927,1450,2589.285714,2699.804007,,,
G16346,Great Northern,0,Michigan State University (MSU),,LODS,"45°25'33.6""N, 73°55'43.0""W",21104,2021-06-01,RCBD,9,2,18,6,6,5,0.56,2,5.6,2021-07-16,2021-08-26,27,14.1,1.047560976,1201,2144.642857,2246.644164,,,
G16346,Great Northern,0,Michigan State University (MSU),,LODS,"45°25'33.6""N, 73°55'43.0""W",21104,2021-06-01,RCBD,9,1,7,7,5,5,0.56,2,5.6,2021-07-21,2021-08-26,29,15,1.036585366,1073,1916.071429,1986.171603,,,
G18502,Great Northern,0,Michigan State University (MSU),,LODS,"45°25'33.6""N, 73°55'43.0""W",21104,2021-06-01,RCBD,5,2,15,3,6,5,0.56,2,5.6,2021-07-16,2021-08-26,26,14.1,1.047560976,1325,2366.071429,2478.604094,,,
G18502,Great Northern,0,Michigan State University (MSU),,LODS,"45°25'33.6""N, 73°55'43.0""W",21104,2021-06-01,RCBD,5,1,4,4,5,5,0.56,2,5.6,2021-07-17,2021-08-26,26,14.9,1.037804878,1220,2178.571429,2260.932056,,,
G18505,Great Northern,0,Michigan State University (MSU),,LODS,"45°25'33.6""N, 73°55'43.0""W",21104,2021-06-01,RCBD,2,1,5,5,5,5,0.56,2,5.6,2021-07-13,2021-08-26,26,13.9,1.05,980,1750,1837.5,,,
G18505,Great Northern,0,Michigan State University (MSU),,LODS,"45°25'33.6""N, 73°55'43.0""W",21104,2021-06-01,RCBD,2,2,16,4,6,5,0.56,2,5.6,2021-07-13,2021-08-26,24,14.2,1.046341463,1216,2171.428571,2272.055749,,,
G18506,Great Northern,0,Michigan State University (MSU),,LODS,"45°25'33.6""N, 73°55'43.0""W",21104,2021-06-01,RCBD,8,1,9,9,5,5,0.56,2,5.6,2021-07-17,2021-08-26,29,14.3,1.045121951,1097,1958.928571,2047.319251,,,
G18506,Great Northern,0,Michigan State University (MSU),,LODS,"45°25'33.6""N, 73°55'43.0""W",21104,2021-06-01,RCBD,8,2,17,5,6,5,0.56,2,5.6,2021-07-16,2021-08-26,31,14.5,1.042682927,1208,2157.142857,2249.216028,,,
G18512,Great Northern,0,Michigan State University (MSU),,LODS,"45°25'33.6""N, 73°55'43.0""W",21104,2021-06-01,RCBD,6,2,14,2,6,5,0.56,2,5.6,2021-07-17,2021-08-26,28,15.5,1.030487805,1137,2030.357143,2092.258275,,,
G18512,Great Northern,0,Michigan State University (MSU),,LODS,"45°25'33.6""N, 73°55'43.0""W",21104,2021-06-01,RCBD,6,1,2,2,5,5,0.56,2,5.6,2021-07-16,2021-08-26,27,15.9,1.025609756,1072,1914.285714,1963.310105,,,
K16131,Dark Red Kidney,0,Michigan State University (MSU),,LODS,"45°25'33.6""N, 73°55'43.0""W",21107,2021-06-02,RCBD,7,1,7,7,13,5,0.56,2,5.6,2021-07-15,2021-08-25,47,13.5,1.054878049,764,1364.285714,1439.155052,,,
K16131,Dark Red Kidney,0,Michigan State University (MSU),,LODS,"45°25'33.6""N, 73°55'43.0""W",21107,2021-06-02,RCBD,7,2,18,3,15,5,0.56,2,5.6,2021-07-18,2021-08-25,46,15.2,1.034146341,911,1626.785714,1682.334495,,,
K16950,White Kidney,0,Michigan State University (MSU),,LODS,"45°25'33.6""N, 73°55'43.0""W",21107,2021-06-02,RCBD,6,2,26,11,15,5,0.56,2,5.6,2021-07-18,2021-08-25,45,14,1.048780488,284,507.1428571,531.8815331,,,
K16950,White Kidney,0,Michigan State University (MSU),,LODS,"45°25'33.6""N, 73°55'43.0""W",21107,2021-06-02,RCBD,6,1,6,6,13,5,0.56,2,5.6,2021-07-20,2021-08-25,40,14,1.048780488,354,632.1428571,662.9790941,,,
K17701,Light Red Kidney,0,Michigan State University (MSU),,LODS,"45°25'33.6""N, 73°55'43.0""W",21107,2021-06-02,RCBD,4,1,4,4,13,5,0.56,2,5.6,2021-07-15,2021-08-25,45,14.8,1.03902439,843,1505.357143,1564.102787,,,
K17701,Light Red Kidney,0,Michigan State University (MSU),,LODS,"45°25'33.6""N, 73°55'43.0""W",21107,2021-06-02,RCBD,4,2,16,1,15,5,0.56,2,5.6,2021-07-15,2021-08-25,45,15.1,1.035365854,967,1726.785714,1787.854965,,,
K17702,Light Red Kidney,0,Michigan State University (MSU),,LODS,"45°25'33.6""N, 73°55'43.0""W",21107,2021-06-02,RCBD,10,2,17,2,15,5,0.56,2,5.6,2021-07-15,2021-08-25,46,14,1.048780488,1046,1867.857143,1958.972125,,,
K17702,Light Red Kidney,0,Michigan State University (MSU),,LODS,"45°25'33.6""N, 73°55'43.0""W",21107,2021-06-02,RCBD,10,1,10,10,13,5,0.56,2,5.6,2021-07-16,2021-08-25,45,14.9,1.037804878,1022,1825,1893.993902,,,
K17703,Light Red Kidney,0,Michigan State University (MSU),,LODS,"45°25'33.6""N, 73°55'43.0""W",21107,2021-06-02,RCBD,3,2,21,6,15,5,0.56,2,5.6,2021-07-14,2021-08-25,42,14.6,1.041463415,1013,1808.928571,1883.932927,,,
K17703,Light Red Kidney,0,Michigan State University (MSU),,LODS,"45°25'33.6""N, 73°55'43.0""W",21107,2021-06-02,RCBD,3,1,3,3,13,5,0.56,2,5.6,2021-07-16,2021-08-25,46,15.2,1.034146341,1004,1792.857143,1854.076655,,,
K17704,Light Red Kidney,0,Michigan State University (MSU),,LODS,"45°25'33.6""N, 73°55'43.0""W",21107,2021-06-02,RCBD,9,1,9,9,13,5,0.56,2,5.6,2021-07-18,2021-08-25,44,13.1,1.059756098,767,1369.642857,1451.487369,,,
K17704,Light Red Kidney,0,Michigan State University (MSU),,LODS,"45°25'33.6""N, 73°55'43.0""W",21107,2021-06-02,RCBD,9,2,28,1,16,5,0.56,2,5.6,2021-07-14,2021-08-25,45,13.1,1.059756098,1006,1796.428571,1903.776132,,,
K17815,White Kidney,0,Michigan State University (MSU),,LODS,"45°25'33.6""N, 73°55'43.0""W",21107,2021-06-02,RCBD,5,1,5,5,13,5,0.56,2,5.6,2021-07-16,2021-08-25,44,14.6,1.041463415,965,1723.214286,1794.664634,,,
K17815,White Kidney,0,Michigan State University (MSU),,LODS,"45°25'33.6""N, 73°55'43.0""W",21107,2021-06-02,RCBD,5,2,24,9,15,5,0.56,2,5.6,2021-07-16,2021-08-25,39,14.7,1.040243902,1061,1894.642857,1970.890679,,,
Merlot - R98026,Small Red,1,Michigan State University (MSU),Hosfield et al. 2004,LODS,"45°25'33.6""N, 73°55'43.0""W",21106,2021-06-01,RCBD,12,4,24,11,11,5,0.56,2,5.6,2021-07-14,2021-08-25,26,14.5,1.042682927,899,1605.357143,1673.878484,,,
Merlot - R98026,Small Red,1,Michigan State University (MSU),Hosfield et al. 2004,LODS,"45°25'33.6""N, 73°55'43.0""W",21106,2021-06-01,RCBD,13,2,25,12,11,5,0.56,2,5.6,2021-07-14,2021-08-25,28,14.9,1.037804878,735,1312.5,1362.118902,,,
Merlot - R98026,Small Red,1,Michigan State University (MSU),Hosfield et al. 2004,LODS,"45°25'33.6""N, 73°55'43.0""W",21106,2021-06-01,RCBD,13,1,4,4,9,5,0.56,2,5.6,2021-07-17,2021-08-25,29,15,1.036585366,595,1062.5,1101.371951,,,
Merlot - R98026,Small Red,1,Michigan State University (MSU),Hosfield et al. 2004,LODS,"45°25'33.6""N, 73°55'43.0""W",21106,2021-06-01,RCBD,12,3,12,12,9,5,0.56,2,5.6,2021-07-14,2021-08-25,28,15.1,1.035365854,850,1517.857143,1571.537456,,,
Montcalm - K74002,Dark Red Kidney,1,Michigan State University (MSU),,LODS,"45°25'33.6""N, 73°55'43.0""W",21107,2021-06-02,RCBD,13,1,13,1,14,5,0.56,2,5.6,2021-07-17,2021-08-25,36,13.1,1.059756098,1177,2101.785714,2227.380226,,,
Montcalm - K74002,Dark Red Kidney,1,Michigan State University (MSU),,LODS,"45°25'33.6""N, 73°55'43.0""W",21107,2021-06-02,RCBD,13,2,22,7,15,5,0.56,2,5.6,2021-07-16,2021-08-25,29,14.1,1.047560976,1348,2407.142857,2521.62892,,,
N17505,Navy,0,Michigan State University (MSU),,LODS,"45°25'33.6""N, 73°55'43.0""W",21103,2021-06-01,RCBD,10,2,37,3,4,5,0.56,2,5.6,2021-07-27,2021-08-26,17,15.6,1.029268293,1248,2228.571429,2293.797909,,,
N17505,Navy,0,Michigan State University (MSU),,LODS,"45°25'33.6""N, 73°55'43.0""W",21103,2021-06-01,RCBD,10,1,1,1,1,5,0.56,2,5.6,2021-07-19,2021-08-26,17,16.7,1.015853659,925,1651.785714,1677.972561,,,
N17506,Navy,0,Michigan State University (MSU),,LODS,"45°25'33.6""N, 73°55'43.0""W",21103,2021-06-01,RCBD,5,2,31,9,3,5,0.56,2,5.6,2021-07-27,2021-08-26,17,16.9,1.013414634,1088,1942.857143,1968.919861,,,
N17506,Navy,0,Michigan State University (MSU),,LODS,"45°25'33.6""N, 73°55'43.0""W",21103,2021-06-01,RCBD,5,1,21,9,2,5,0.56,2,5.6,2021-07-19,2021-08-26,15,17.4,1.007317073,908,1621.428571,1633.292683,,,
N18102,Navy,0,Michigan State University (MSU),,LODS,"45°25'33.6""N, 73°55'43.0""W",21103,2021-06-01,RCBD,3,1,12,12,1,5,0.56,2,5.6,2021-07-17,2021-08-26,17,15.4,1.031707317,859,1533.928571,1582.565331,,,
N18102,Navy,0,Michigan State University (MSU),,LODS,"45°25'33.6""N, 73°55'43.0""W",21103,2021-06-01,RCBD,3,2,41,7,4,5,0.56,2,5.6,2021-07-19,2021-08-26,20,16.3,1.020731707,1001,1787.5,1824.557927,,,
N18104,Navy,0,Michigan State University (MSU),,LODS,"45°25'33.6""N, 73°55'43.0""W",21103,2021-06-01,RCBD,8,1,8,8,1,5,0.56,2,5.6,2021-07-22,2021-08-26,16,18.4,0.995121951,670,1196.428571,1190.592334,,,
N18104,Navy,0,Michigan State University (MSU),,LODS,"45°25'33.6""N, 73°55'43.0""W",21103,2021-06-01,RCBD,8,2,28,6,3,5,0.56,2,5.6,2021-07-21,2021-08-26,16,19.2,0.985365854,1224,2185.714286,2153.728223,,,
N18109,Navy,0,Michigan State University (MSU),,LODS,"45°25'33.6""N, 73°55'43.0""W",21103,2021-06-01,RCBD,9,2,32,10,3,5,0.56,2,5.6,2021-07-16,2021-08-26,17,16,1.024390244,1281,2287.5,2343.292683,,,
N18109,Navy,0,Michigan State University (MSU),,LODS,"45°25'33.6""N, 73°55'43.0""W",21103,2021-06-01,RCBD,9,1,10,10,1,5,0.56,2,5.6,2021-07-16,2021-08-26,18,17.3,1.008536585,1053,1880.357143,1896.408972,,,
N18116,Navy,0,Michigan State University (MSU),,LODS,"45°25'33.6""N, 73°55'43.0""W",21103,2021-06-01,RCBD,1,1,19,7,2,5,0.56,2,5.6,2021-07-24,2021-08-26,17,20,0.975609756,965,1723.214286,1681.184669,,,
N18116,Navy,0,Michigan State University (MSU),,LODS,"45°25'33.6""N, 73°55'43.0""W",21103,2021-06-01,RCBD,1,2,44,10,4,5,0.56,2,5.6,2021-07-22,2021-08-26,16.9,21.7,0.954878049,1171,2091.071429,1996.718206,,,
N18117,Navy,0,Michigan State University (MSU),,LODS,"45°25'33.6""N, 73°55'43.0""W",21103,2021-06-01,RCBD,2,1,17,5,2,5,0.56,2,5.6,2021-07-20,2021-08-26,16,18.2,0.997560976,796,1421.428571,1417.961672,,,
N18117,Navy,0,Michigan State University (MSU),,LODS,"45°25'33.6""N, 73°55'43.0""W",21103,2021-06-01,RCBD,2,2,42,8,4,5,0.56,2,5.6,2021-07-21,2021-08-26,16,21.3,0.959756098,1229,2194.642857,2106.321864,,,
N18119,Navy,0,Michigan State University (MSU),,LODS,"45°25'33.6""N, 73°55'43.0""W",21103,2021-06-01,RCBD,7,1,4,4,1,5,0.56,2,5.6,2021-07-17,2021-08-26,15,15,1.036585366,909,1623.214286,1682.600174,,,
N18119,Navy,0,Michigan State University (MSU),,LODS,"45°25'33.6""N, 73°55'43.0""W",21103,2021-06-01,RCBD,7,2,43,9,4,5,0.56,2,5.6,2021-07-19,2021-08-26,19,15.4,1.031707317,1312,2342.857143,2417.142857,,,
N18127,Navy,0,Michigan State University (MSU),,LODS,"45°25'33.6""N, 73°55'43.0""W",21103,2021-06-01,RCBD,6,2,24,2,3,5,0.56,2,5.6,2021-07-16,2021-08-26,14,16.6,1.017073171,1433,2558.928571,2602.617596,,,
N18127,Navy,0,Michigan State University (MSU),,LODS,"45°25'33.6""N, 73°55'43.0""W",21103,2021-06-01,RCBD,6,1,18,6,2,5,0.56,2,5.6,2021-07-21,2021-08-26,14,16.7,1.015853659,1367,2441.071429,2479.771341,,,
ND Pegasus,Great Northern,1,North Dakota State University (NDSU),Osorno et al. 2020 - DOI: 10.1002/plr2.20013,LODS,"45°25'33.6""N, 73°55'43.0""W",21104,2021-06-01,RCBD,12,2,24,12,6,5,0.56,2,5.6,2021-07-17,2021-08-26,20,12.8,1.063414634,1574,2810.714286,2988.954704,,,
ND Pegasus,Great Northern,1,North Dakota State University (NDSU),Osorno et al. 2020 - DOI: 10.1002/plr2.20013,LODS,"45°25'33.6""N, 73°55'43.0""W",21104,2021-06-01,RCBD,12,1,11,11,5,5,0.56,2,5.6,2021-07-16,2021-08-26,20,13.9,1.05,1063,1898.214286,1993.125,,,
NE1-20-21,Great Northern,0,University of Nebraska-Lincoln (UNL) - Dr. Urrea,,LODS,"45°25'33.6""N, 73°55'43.0""W",21111,2021-06-02,RCBD,11,2,17,3,2,5,0.76,2,7.6,,,30,11.9,1.074390244,961,1264.473684,1358.53819,,,
NE1-20-21,Great Northern,0,University of Nebraska-Lincoln (UNL) - Dr. Urrea,,LODS,"45°25'33.6""N, 73°55'43.0""W",21111,2021-06-02,RCBD,11,3,45,5,3,5,0.76,2,7.6,,,33,12.2,1.070731707,903,1188.157895,1272.198331,,,
NE1-20-21,Great Northern,0,University of Nebraska-Lincoln (UNL) - Dr. Urrea,,LODS,"45°25'33.6""N, 73°55'43.0""W",21111,2021-06-02,RCBD,11,4,49,7,3,5,0.76,2,7.6,,,34,12.5,1.067073171,820,1078.947368,1151.315789,,,
NE1-20-21,Great Northern,0,University of Nebraska-Lincoln (UNL) - Dr. Urrea,,LODS,"45°25'33.6""N, 73°55'43.0""W",21111,2021-06-02,RCBD,11,1,3,11,1,5,0.76,2,7.6,,,34,12.7,1.064634146,685,901.3157895,959.5715661,,,
NE1-20-31,Great Northern,0,University of Nebraska-Lincoln (UNL) - Dr. Urrea,,LODS,"45°25'33.6""N, 73°55'43.0""W",21111,2021-06-02,RCBD,12,4,61,9,3,5,0.76,2,7.6,,,34,12.3,1.069512195,1068,1405.263158,1502.946085,,,
NE1-20-31,Great Northern,0,University of Nebraska-Lincoln (UNL) - Dr. Urrea,,LODS,"45°25'33.6""N, 73°55'43.0""W",21111,2021-06-02,RCBD,12,1,16,2,2,5,0.76,2,7.6,,,-9,12.6,1.065853659,1109,1459.210526,1555.304878,,,
NE1-20-31,Great Northern,0,University of Nebraska-Lincoln (UNL) - Dr. Urrea,,LODS,"45°25'33.6""N, 73°55'43.0""W",21111,2021-06-02,RCBD,12,2,29,1,3,5,0.76,2,7.6,,,17,13.1,1.059756098,870,1144.736842,1213.141849,,,
NE1-20-31,Great Northern,0,University of Nebraska-Lincoln (UNL) - Dr. Urrea,,LODS,"45°25'33.6""N, 73°55'43.0""W",21111,2021-06-02,RCBD,12,3,39,4,3,5,0.76,2,7.6,,,18,13.3,1.057317073,1052,1384.210526,1463.549422,,,
NE2-20-12,Pinto,0,University of Nebraska-Lincoln (UNL) - Dr. Urrea,,LODS,"45°25'33.6""N, 73°55'43.0""W",21111,2021-06-02,RCBD,7,3,44,2,2,5,0.76,2,7.6,2021-07-23,,31,12.2,1.070731707,640,842.1052632,901.6688062,,,
NE2-20-12,Pinto,0,University of Nebraska-Lincoln (UNL) - Dr. Urrea,,LODS,"45°25'33.6""N, 73°55'43.0""W",21111,2021-06-02,RCBD,7,2,28,8,1,5,0.76,2,7.6,2021-07-16,,31,12.4,1.068292683,1621,2132.894737,2278.555841,,,
NE2-20-12,Pinto,0,University of Nebraska-Lincoln (UNL) - Dr. Urrea,,LODS,"45°25'33.6""N, 73°55'43.0""W",21111,2021-06-02,RCBD,7,1,9,12,7,5,0.76,2,7.6,,,31,13,1.06097561,2050,2697.368421,2861.842105,,,
NE2-20-12,Pinto,0,University of Nebraska-Lincoln (UNL) - Dr. Urrea,,LODS,"45°25'33.6""N, 73°55'43.0""W",21111,2021-06-02,RCBD,7,4,55,7,2,5,0.76,2,7.6,2021-07-26,,34,13.4,1.056097561,2211,2909.210526,3072.410141,,,
NE2-20-14,Pinto,0,University of Nebraska-Lincoln (UNL) - Dr. Urrea,,LODS,"45°25'33.6""N, 73°55'43.0""W",21111,2021-06-02,RCBD,8,3,33,9,1,5,0.76,2,7.6,2021-07-24,,31,12.3,1.069512195,1836,2415.789474,2583.716303,,,
NE2-20-14,Pinto,0,University of Nebraska-Lincoln (UNL) - Dr. Urrea,,LODS,"45°25'33.6""N, 73°55'43.0""W",21111,2021-06-02,RCBD,8,1,15,4,8,5,0.76,2,7.6,,,18,12.7,1.064634146,1909,2511.842105,2674.192875,,,
NE2-20-14,Pinto,0,University of Nebraska-Lincoln (UNL) - Dr. Urrea,,LODS,"45°25'33.6""N, 73°55'43.0""W",21111,2021-06-02,RCBD,8,4,59,10,2,5,0.76,2,7.6,2021-07-17,,31,13,1.06097561,992,1305.263158,1384.852375,,,
NE2-20-14,Pinto,0,University of Nebraska-Lincoln (UNL) - Dr. Urrea,,LODS,"45°25'33.6""N, 73°55'43.0""W",21111,2021-06-02,RCBD,8,2,24,5,1,5,0.76,2,7.6,2021-07-25,,34,13.2,1.058536585,1459,1919.736842,2032.111682,,,
NE2-20-3,Pinto,0,University of Nebraska-Lincoln (UNL) - Dr. Urrea,,LODS,"45°25'33.6""N, 73°55'43.0""W",21111,2021-06-02,RCBD,6,4,60,11,2,5,0.76,2,7.6,2021-07-17,,29,12.1,1.07195122,1359,1788.157895,1916.818036,,,
NE2-20-3,Pinto,0,University of Nebraska-Lincoln (UNL) - Dr. Urrea,,LODS,"45°25'33.6""N, 73°55'43.0""W",21111,2021-06-02,RCBD,6,1,11,2,8,5,0.76,2,7.6,,,32,12.8,1.063414634,567,746.0526316,793.3632863,,,
NE2-20-3,Pinto,0,University of Nebraska-Lincoln (UNL) - Dr. Urrea,,LODS,"45°25'33.6""N, 73°55'43.0""W",21111,2021-06-02,RCBD,6,2,27,7,1,5,0.76,2,7.6,2021-07-23,,30,13.1,1.059756098,79,103.9473684,110.1588575,,,
NE2-20-3,Pinto,0,University of Nebraska-Lincoln (UNL) - Dr. Urrea,,LODS,"45°25'33.6""N, 73°55'43.0""W",21111,2021-06-02,RCBD,6,3,42,1,2,5,0.76,2,7.6,2021-07-24,,30,13.6,1.053658537,1823,2398.684211,2527.394095,,,
Othello,Pinto,1,Treasure Valley Seed Company,Burke et al. 1995,LODS,"45°25'33.6""N, 73°55'43.0""W",21111,2021-06-02,RCBD,5,3,36,12,5,5,0.76,2,7.6,,,32,12.2,1.070731707,419,551.3157895,590.3112965,,,
Othello,Pinto,1,Treasure Valley Seed Company,Burke et al. 1995,LODS,"45°25'33.6""N, 73°55'43.0""W",21111,2021-06-02,RCBD,5,4,51,2,6,5,0.76,2,7.6,,,33,12.4,1.068292683,676,889.4736842,950.2182285,,,
Othello,Pinto,1,Treasure Valley Seed Company,Burke et al. 1995,LODS,"45°25'33.6""N, 73°55'43.0""W",21111,2021-06-02,RCBD,5,1,4,8,5,5,0.76,2,7.6,,,30,12.8,1.063414634,660,868.4210526,923.491656,,,
Othello,Pinto,1,Treasure Valley Seed Company,Burke et al. 1995,LODS,"45°25'33.6""N, 73°55'43.0""W",21111,2021-06-02,RCBD,5,2,18,10,5,5,0.76,2,7.6,,,30,13,1.06097561,980,1289.473684,1368.100128,,,
P14814,Pinto,0,Michigan State University (MSU),,LODS,"45°25'33.6""N, 73°55'43.0""W",21105,2021-06-01,RCBD,8,2,23,8,9,5,0.56,2,5.6,2021-07-20,2021-08-26,28,14.7,1.040243902,1292,2307.142857,2399.991289,,,
P14814,Pinto,0,Michigan State University (MSU),,LODS,"45°25'33.6""N, 73°55'43.0""W",21105,2021-06-01,RCBD,8,1,7,7,7,5,0.56,2,5.6,2021-07-17,2021-08-26,25,14.7,1.040243902,1498,2675,2782.652439,,,
P16904,Pinto,0,Michigan State University (MSU),,LODS,"45°25'33.6""N, 73°55'43.0""W",21105,2021-06-01,RCBD,9,1,2,2,7,5,0.56,2,5.6,2021-07-19,2021-08-26,27,15,1.036585366,1532,2735.714286,2835.801394,,,
P16904,Pinto,0,Michigan State University (MSU),,LODS,"45°25'33.6""N, 73°55'43.0""W",21105,2021-06-01,RCBD,9,2,28,1,10,5,0.56,2,5.6,2021-07-16,2021-08-26,25,15,1.036585366,1721,3073.214286,3185.648955,,,
P16905,Pinto,0,Michigan State University (MSU),,LODS,"45°25'33.6""N, 73°55'43.0""W",21105,2021-06-01,RCBD,10,1,13,1,8,5,0.56,2,5.6,2021-07-16,2021-08-26,28,15.7,1.02804878,1160,2071.428571,2129.529617,,,
P16905,Pinto,0,Michigan State University (MSU),,LODS,"45°25'33.6""N, 73°55'43.0""W",21105,2021-06-01,RCBD,10,2,17,2,9,5,0.56,2,5.6,2021-07-19,2021-08-26,26,16,1.024390244,1687,3012.5,3085.97561,,,
P17507,Pinto,0,Michigan State University (MSU),,LODS,"45°25'33.6""N, 73°55'43.0""W",21105,2021-06-01,RCBD,3,1,10,10,7,5,0.56,2,5.6,2021-07-14,2021-08-26,32,14,1.048780488,940,1678.571429,1760.452962,,,
P17507,Pinto,0,Michigan State University (MSU),,LODS,"45°25'33.6""N, 73°55'43.0""W",21105,2021-06-01,RCBD,3,2,21,6,9,5,0.56,2,5.6,2021-07-19,2021-08-26,32,14.4,1.043902439,1237,2208.928571,2305.905923,,,
P17508,Pinto,0,Michigan State University (MSU),,LODS,"45°25'33.6""N, 73°55'43.0""W",21105,2021-06-01,RCBD,7,1,12,12,7,5,0.56,2,5.6,2021-07-21,2021-08-26,29,14.7,1.040243902,1132,2021.428571,2102.778746,,,
P17508,Pinto,0,Michigan State University (MSU),,LODS,"45°25'33.6""N, 73°55'43.0""W",21105,2021-06-01,RCBD,7,2,18,3,9,5,0.56,2,5.6,2021-07-20,2021-08-26,30,14.8,1.03902439,1175,2098.214286,2180.095819,,,
P17510,Pinto,0,Michigan State University (MSU),,LODS,"45°25'33.6""N, 73°55'43.0""W",21105,2021-06-01,RCBD,2,1,3,3,7,5,0.56,2,5.6,2021-07-16,2021-08-26,29,14.2,1.046341463,1054,1882.142857,1969.364111,,,
P17510,Pinto,0,Michigan State University (MSU),,LODS,"45°25'33.6""N, 73°55'43.0""W",21105,2021-06-01,RCBD,2,2,20,5,9,5,0.56,2,5.6,2021-07-14,2021-08-26,29,14.3,1.045121951,1398,2496.428571,2609.0723,,,
P18601,Pinto,0,Michigan State University (MSU),,LODS,"45°25'33.6""N, 73°55'43.0""W",21105,2021-06-01,RCBD,6,2,26,11,9,5,0.56,2,5.6,2021-07-22,2021-08-26,29,14.8,1.03902439,854,1525,1584.512195,,,
P18601,Pinto,0,Michigan State University (MSU),,LODS,"45°25'33.6""N, 73°55'43.0""W",21105,2021-06-01,RCBD,6,1,5,5,7,5,0.56,2,5.6,2021-07-22,2021-08-26,29,15.3,1.032926829,851,1519.642857,1569.679878,,,
P18602,Pinto,0,Michigan State University (MSU),,LODS,"45°25'33.6""N, 73°55'43.0""W",21105,2021-06-01,RCBD,5,2,24,9,9,5,0.56,2,5.6,2021-07-14,2021-08-26,25,14.7,1.040243902,1342,2396.428571,2492.870209,,,
P18602,Pinto,0,Michigan State University (MSU),,LODS,"45°25'33.6""N, 73°55'43.0""W",21105,2021-06-01,RCBD,5,1,9,9,7,5,0.56,2,5.6,2021-07-17,2021-08-26,24,15.3,1.032926829,1241,2216.071429,2289.039634,,,
P18608,Pinto,0,Michigan State University (MSU),,LODS,"45°25'33.6""N, 73°55'43.0""W",21105,2021-06-01,RCBD,4,1,1,1,7,5,0.56,2,5.6,2021-07-23,2021-08-26,27,16.3,1.020731707,1281,2287.5,2334.92378,,,
P18608,Pinto,0,Michigan State University (MSU),,LODS,"45°25'33.6""N, 73°55'43.0""W",21105,2021-06-01,RCBD,4,2,16,1,9,5,0.56,2,5.6,2021-07-21,2021-08-26,28,17.8,1.002439024,2044,3650,3658.902439,,,
P19101,Pinto,0,Michigan State University (MSU),,LODS,"45°25'33.6""N, 73°55'43.0""W",21105,2021-06-01,RCBD,11,2,29,2,10,5,0.56,2,5.6,2021-07-13,2021-08-26,24,15,1.036585366,1008,1800,1865.853659,,,
P19101,Pinto,0,Michigan State University (MSU),,LODS,"45°25'33.6""N, 73°55'43.0""W",21105,2021-06-01,RCBD,11,1,15,3,8,5,0.56,2,5.6,2021-07-19,2021-08-26,25,15.6,1.029268293,926,1653.571429,1701.968641,,,
P19102,Pinto,0,Michigan State University (MSU),,LODS,"45°25'33.6""N, 73°55'43.0""W",21105,2021-06-01,RCBD,12,2,19,4,9,5,0.56,2,5.6,2021-07-10,2021-08-26,28,14.6,1.041463415,1092,1950,2030.853659,,,
P19102,Pinto,0,Michigan State University (MSU),,LODS,"45°25'33.6""N, 73°55'43.0""W",21105,2021-06-01,RCBD,12,1,8,8,7,5,0.56,2,5.6,2021-07-20,2021-08-26,25,15.4,1.031707317,788,1407.142857,1451.759582,,,
P19103,Pinto,0,Michigan State University (MSU),,LODS,"45°25'33.6""N, 73°55'43.0""W",21105,2021-06-01,RCBD,13,2,22,7,9,5,0.56,2,5.6,2021-07-08,2021-08-26,28,14.4,1.043902439,1261,2251.785714,2350.644599,,,
P19103,Pinto,0,Michigan State University (MSU),,LODS,"45°25'33.6""N, 73°55'43.0""W",21105,2021-06-01,RCBD,13,1,14,2,8,5,0.56,2,5.6,2021-07-08,2021-08-26,23,14.4,1.043902439,1649,2944.642857,3073.919861,,,
P19104,Pinto,0,Michigan State University (MSU),,LODS,"45°25'33.6""N, 73°55'43.0""W",21105,2021-06-01,RCBD,14,2,27,12,9,5,0.56,2,5.6,2021-07-16,2021-08-26,23,14.3,1.045121951,1285,2294.642857,2398.18162,,,
P19104,Pinto,0,Michigan State University (MSU),,LODS,"45°25'33.6""N, 73°55'43.0""W",21105,2021-06-01,RCBD,14,1,4,4,7,5,0.56,2,5.6,2021-07-21,2021-08-26,28,14.8,1.03902439,849,1516.071429,1575.235192,,,
PNE-6-94-75-kodiak,Pinto,0,Treasure Valley Seed Company,,LODS,"45°25'33.6""N, 73°55'43.0""W",21111,2021-06-02,RCBD,13,4,57,9,2,5,0.76,2,7.6,2021-07-19,,30,11.8,1.075609756,760,1000,1075.609756,,,
PNE-6-94-75-kodiak,Pinto,0,Treasure Valley Seed Company,,LODS,"45°25'33.6""N, 73°55'43.0""W",21111,2021-06-02,RCBD,13,2,23,4,1,5,0.76,2,7.6,2021-07-22,,28,12.3,1.069512195,151,198.6842105,212.4951861,,,
PNE-6-94-75-kodiak,Pinto,0,Treasure Valley Seed Company,,LODS,"45°25'33.6""N, 73°55'43.0""W",21111,2021-06-02,RCBD,13,3,37,10,1,5,0.76,2,7.6,2021-07-22,,27,12.6,1.065853659,1870,2460.526316,2622.560976,,,
PNE-6-94-75-kodiak,Pinto,0,Treasure Valley Seed Company,,LODS,"45°25'33.6""N, 73°55'43.0""W",21111,2021-06-02,RCBD,13,1,13,3,8,5,0.76,2,7.6,,,30,13,1.06097561,1674,2202.631579,2336.938383,,,
Powderhorn - G08254,Great Northern,1,Michigan State University (MSU),Kelly et al. 2013 - DOI: 10.3198/jpr2013.05.0020crc,LODS,"45°25'33.6""N, 73°55'43.0""W",21104,2021-06-01,RCBD,11,2,23,11,6,5,0.56,2,5.6,2021-07-19,2021-08-26,29,13.9,1.05,1234,2203.571429,2313.75,,,
Powderhorn - G08254,Great Northern,1,Michigan State University (MSU),Kelly et al. 2013 - DOI: 10.3198/jpr2013.05.0020crc,LODS,"45°25'33.6""N, 73°55'43.0""W",21104,2021-06-01,RCBD,11,1,3,3,5,5,0.56,2,5.6,2021-07-19,2021-08-26,28,14.2,1.046341463,1082,1932.142857,2021.681185,,,
PT10-12-1,Pinto,0,USDA-ARS - Dr. Miklas,,LODS,"45°25'33.6""N, 73°55'43.0""W",21111,2021-06-02,RCBD,3,1,10,1,8,5,0.76,2,7.6,,,25,11.4,1.080487805,1828,2405.263158,2598.85751,,,
PT10-12-1,Pinto,0,USDA-ARS - Dr. Miklas,,LODS,"45°25'33.6""N, 73°55'43.0""W",21111,2021-06-02,RCBD,3,3,48,4,2,5,0.76,2,7.6,2021-07-17,,26,12.4,1.068292683,1482,1950,2083.170732,,,
PT10-12-1,Pinto,0,USDA-ARS - Dr. Miklas,,LODS,"45°25'33.6""N, 73°55'43.0""W",21111,2021-06-02,RCBD,3,2,21,2,1,5,0.76,2,7.6,2021-07-20,,27,12.8,1.063414634,733,964.4736842,1025.63543,,,
PT10-12-1,Pinto,0,USDA-ARS - Dr. Miklas,,LODS,"45°25'33.6""N, 73°55'43.0""W",21111,2021-06-02,RCBD,3,4,54,6,2,5,0.76,2,7.6,2021-07-14,,23,12.8,1.063414634,1637,2153.947368,2290.539153,,,
PT16-9,Pinto,0,USDA-ARS - Dr. Miklas,,LODS,"45°25'33.6""N, 73°55'43.0""W",21111,2021-06-02,RCBD,2,4,64,12,2,5,0.76,2,7.6,2021-07-25,,27,11.5,1.079268293,630,828.9473684,894.656611,,,
PT16-9,Pinto,0,USDA-ARS - Dr. Miklas,,LODS,"45°25'33.6""N, 73°55'43.0""W",21111,2021-06-02,RCBD,2,3,40,11,1,5,0.76,2,7.6,2021-07-25,,27,12.3,1.069512195,1833,2411.842105,2579.494544,,,
PT16-9,Pinto,0,USDA-ARS - Dr. Miklas,,LODS,"45°25'33.6""N, 73°55'43.0""W",21111,2021-06-02,RCBD,2,2,22,3,1,5,0.76,2,7.6,2021-07-19,,28,12.9,1.062195122,1687,2219.736842,2357.793646,,,
PT16-9,Pinto,0,USDA-ARS - Dr. Miklas,,LODS,"45°25'33.6""N, 73°55'43.0""W",21111,2021-06-02,RCBD,2,1,8,11,7,5,0.76,2,7.6,,,30,14.2,1.046341463,2095,2756.578947,2884.32285,,,
R17605,Small Red,0,Michigan State University (MSU),,LODS,"45°25'33.6""N, 73°55'43.0""W",21106,2021-06-01,RCBD,10,1,11,11,9,5,0.56,2,5.6,2021-07-15,2021-08-25,22,15,1.036585366,950,1696.428571,1758.493031,,,
R17605,Small Red,0,Michigan State University (MSU),,LODS,"45°25'33.6""N, 73°55'43.0""W",21106,2021-06-01,RCBD,10,2,14,1,11,5,0.56,2,5.6,2021-07-19,2021-08-25,26,15.4,1.031707317,1519,2712.5,2798.506098,,,
R18405,Small Red,0,Michigan State University (MSU),,LODS,"45°25'33.6""N, 73°55'43.0""W",21106,2021-06-01,RCBD,4,2,16,3,11,5,0.56,2,5.6,2021-07-17,2021-08-25,28,16,1.024390244,1349,2408.928571,2467.682927,,,
R18405,Small Red,0,Michigan State University (MSU),,LODS,"45°25'33.6""N, 73°55'43.0""W",21106,2021-06-01,RCBD,4,1,2,2,9,5,0.56,2,5.6,2021-07-16,2021-08-25,25,16.6,1.017073171,1201,2144.642857,2181.258711,,,
R18406,Small Red,0,Michigan State University (MSU),,LODS,"45°25'33.6""N, 73°55'43.0""W",21106,2021-06-01,RCBD,2,1,5,5,9,5,0.56,2,5.6,2021-07-18,2021-08-25,28,14.8,1.03902439,763,1362.5,1415.670732,,,
R18406,Small Red,0,Michigan State University (MSU),,LODS,"45°25'33.6""N, 73°55'43.0""W",21106,2021-06-01,RCBD,2,2,21,8,11,5,0.56,2,5.6,2021-07-17,2021-08-25,28,15.1,1.035365854,1054,1882.142857,1948.706446,,,
R18409,Small Red,0,Michigan State University (MSU),,LODS,"45°25'33.6""N, 73°55'43.0""W",21106,2021-06-01,RCBD,1,1,3,3,9,5,0.56,2,5.6,2021-07-14,2021-08-25,24,15.6,1.029268293,788,1407.142857,1448.327526,,,
R18409,Small Red,0,Michigan State University (MSU),,LODS,"45°25'33.6""N, 73°55'43.0""W",21106,2021-06-01,RCBD,1,2,19,6,11,5,0.56,2,5.6,2021-07-20,2021-08-25,28,15.7,1.02804878,1074,1917.857143,1971.650697,,,
Red Cedar - K11306,Dark Red Kidney,1,Michigan State University (MSU),Kelly et al. 2018 - DOI: 10.3198/jpr2017.05.0034crc,LODS,"45°25'33.6""N, 73°55'43.0""W",21107,2021-06-02,RCBD,12,1,12,12,13,5,0.56,2,5.6,2021-07-17,2021-08-25,37,14,1.048780488,877,1566.071429,1642.465157,,,
Red Cedar - K11306,Dark Red Kidney,1,Michigan State University (MSU),Kelly et al. 2018 - DOI: 10.3198/jpr2017.05.0034crc,LODS,"45°25'33.6""N, 73°55'43.0""W",21107,2021-06-02,RCBD,12,2,19,4,15,5,0.56,2,5.6,2021-07-13,2021-08-25,37,14.3,1.045121951,1177,2101.785714,2196.622387,,,
Red Hawk - K90101,Dark Red Kidney,1,Michigan State University (MSU),Kelly et al. 1998,LODS,"45°25'33.6""N, 73°55'43.0""W",21107,2021-06-02,RCBD,15,3,15,3,14,5,0.56,2,5.6,2021-07-14,2021-08-25,43,13.1,1.059756098,1137,2030.357143,2151.683362,,,
Red Hawk - K90101,Dark Red Kidney,1,Michigan State University (MSU),Kelly et al. 1998,LODS,"45°25'33.6""N, 73°55'43.0""W",21107,2021-06-02,RCBD,14,1,14,2,14,5,0.56,2,5.6,2021-07-18,2021-08-25,39,13.4,1.056097561,802,1432.142857,1512.482578,,,
Red Hawk - K90101,Dark Red Kidney,1,Michigan State University (MSU),Kelly et al. 1998,LODS,"45°25'33.6""N, 73°55'43.0""W",21107,2021-06-02,RCBD,14,2,27,12,15,5,0.56,2,5.6,2021-07-16,2021-08-25,42,14,1.048780488,1153,2058.928571,2159.364111,,,
Red Hawk - K90101,Dark Red Kidney,1,Michigan State University (MSU),Kelly et al. 1998,LODS,"45°25'33.6""N, 73°55'43.0""W",21107,2021-06-02,RCBD,15,4,30,3,16,5,0.56,2,5.6,2021-07-14,2021-08-25,47,14.4,1.043902439,1208,2157.142857,2251.84669,,,
Rosetta - S08418,Pink,1,Michigan State University (MSU),Kelly et al. 2012 - DOI: 10.3198/jpr2012.03.0142crc,LODS,"45°25'33.6""N, 73°55'43.0""W",21106,2021-06-01,RCBD,3,2,23,10,11,5,0.56,2,5.6,2021-07-15,2021-08-25,29,14.5,1.042682927,1232,2200,2293.902439,,,
Rosetta - S08418,Pink,1,Michigan State University (MSU),Kelly et al. 2012 - DOI: 10.3198/jpr2012.03.0142crc,LODS,"45°25'33.6""N, 73°55'43.0""W",21106,2021-06-01,RCBD,3,1,9,9,9,5,0.56,2,5.6,2021-07-11,2021-08-25,28,14.7,1.040243902,1216,2171.428571,2258.815331,,,
S16804,Pink,0,Michigan State University (MSU),,LODS,"45°25'33.6""N, 73°55'43.0""W",21106,2021-06-01,RCBD,7,2,18,5,11,5,0.56,2,5.6,2021-07-17,2021-08-25,29,15.6,1.029268293,1064,1900,1955.609756,,,
S16804,Pink,0,Michigan State University (MSU),,LODS,"45°25'33.6""N, 73°55'43.0""W",21106,2021-06-01,RCBD,7,1,8,8,9,5,0.56,2,5.6,2021-07-14,2021-08-25,28,15.7,1.02804878,847,1512.5,1554.92378,,,
S18907,Pink,0,Michigan State University (MSU),,LODS,"45°25'33.6""N, 73°55'43.0""W",21106,2021-06-01,RCBD,6,2,22,9,11,5,0.56,2,5.6,2021-07-15,2021-08-25,27,15.3,1.032926829,1080,1928.571429,1992.073171,,,
S18907,Pink,0,Michigan State University (MSU),,LODS,"45°25'33.6""N, 73°55'43.0""W",21106,2021-06-01,RCBD,6,1,7,7,9,5,0.56,2,5.6,2021-07-12,2021-08-25,28,15.9,1.025609756,1020,1821.428571,1868.074913,,,
S18909,Pink,0,Michigan State University (MSU),,LODS,"45°25'33.6""N, 73°55'43.0""W",21106,2021-06-01,RCBD,9,1,13,1,10,5,0.56,2,5.6,2021-07-15,2021-08-25,26,14.3,1.045121951,733,1308.928571,1367.989983,,,
S18909,Pink,0,Michigan State University (MSU),,LODS,"45°25'33.6""N, 73°55'43.0""W",21106,2021-06-01,RCBD,9,2,26,1,12,5,0.56,2,5.6,2021-07-14,2021-08-25,26,14.6,1.041463415,996,1778.571429,1852.317073,,,
USDA Cody - PT9-5-6,Pinto,1,USDA-ARS - Dr. Miklas,,LODS,"45°25'33.6""N, 73°55'43.0""W",21111,2021-06-02,RCBD,4,1,5,9,7,5,0.76,2,7.6,,,31,12.3,1.069512195,1220,1605.263158,1716.848524,,,
USDA Cody - PT9-5-6,Pinto,1,USDA-ARS - Dr. Miklas,,LODS,"45°25'33.6""N, 73°55'43.0""W",21111,2021-06-02,RCBD,4,3,41,12,1,5,0.76,2,7.6,2021-07-24,,30,12.8,1.063414634,2247,2956.578947,3144.06932,,,
USDA Cody - PT9-5-6,Pinto,1,USDA-ARS - Dr. Miklas,,LODS,"45°25'33.6""N, 73°55'43.0""W",21111,2021-06-02,RCBD,4,2,26,6,1,5,0.76,2,7.6,2021-07-22,,30,13.3,1.057317073,2048,2694.736842,2849.191271,,,
USDA Cody - PT9-5-6,Pinto,1,USDA-ARS - Dr. Miklas,,LODS,"45°25'33.6""N, 73°55'43.0""W",21111,2021-06-02,RCBD,4,4,56,8,2,5,0.76,2,7.6,2021-07-16,,29,13.4,1.056097561,756,994.7368421,1050.539153,,,
USDA Rattler,Pinto,1,USDA-ARS - Dr. Miklas,Miklas et al. 2023 - DOI: 10.1002/plr2.20289,LODS,"45°25'33.6""N, 73°55'43.0""W",21111,2021-06-02,RCBD,1,4,53,5,2,5,0.76,2,7.6,2021-07-19,,34,12.4,1.068292683,524,689.4736842,736.5596919,,,
USDA Rattler,Pinto,1,USDA-ARS - Dr. Miklas,Miklas et al. 2023 - DOI: 10.1002/plr2.20289,LODS,"45°25'33.6""N, 73°55'43.0""W",21111,2021-06-02,RCBD,1,1,6,10,7,5,0.76,2,7.6,,,34,12.5,1.067073171,2246,2955.263158,3153.482028,,,
USDA Rattler,Pinto,1,USDA-ARS - Dr. Miklas,Miklas et al. 2023 - DOI: 10.1002/plr2.20289,LODS,"45°25'33.6""N, 73°55'43.0""W",21111,2021-06-02,RCBD,1,2,20,1,1,5,0.76,2,7.6,2021-07-16,,32,12.7,1.064634146,1443,1898.684211,2021.404044,,,
USDA Rattler,Pinto,1,USDA-ARS - Dr. Miklas,Miklas et al. 2023 - DOI: 10.1002/plr2.20289,LODS,"45°25'33.6""N, 73°55'43.0""W",21111,2021-06-02,RCBD,1,3,47,3,2,5,0.76,2,7.6,2021-07-25,,33,12.8,1.063414634,1942,2555.263158,2717.304236,,,
Windbreaker,Pinto,1,Treasure Valley Seed Company,,LODS,"45°25'33.6""N, 73°55'43.0""W",21105,2021-06-01,RCBD,15,2,30,3,10,5,0.56,2,5.6,2021-07-13,2021-08-26,28,14.3,1.045121951,1478,2639.285714,2758.375436,,,
Windbreaker,Pinto,1,Treasure Valley Seed Company,,LODS,"45°25'33.6""N, 73°55'43.0""W",21105,2021-06-01,RCBD,15,1,11,11,7,5,0.56,2,5.6,2021-07-13,2021-08-26,28,14.4,1.043902439,1149,2051.785714,2141.864111,,,
Windbreaker,Pinto,1,Treasure Valley Seed Company,,LODS,"45°25'33.6""N, 73°55'43.0""W",21111,2021-06-02,RCBD,16,1,7,9,5,5,0.76,2,7.6,,,36,12.3,1.069512195,1380,1815.789474,1942.008986,,,
Windbreaker,Pinto,1,Treasure Valley Seed Company,,LODS,"45°25'33.6""N, 73°55'43.0""W",21111,2021-06-02,RCBD,16,4,52,3,6,5,0.76,2,7.6,,,33,12.5,1.067073171,695,914.4736842,975.8103338,,,
Windbreaker,Pinto,1,Treasure Valley Seed Company,,LODS,"45°25'33.6""N, 73°55'43.0""W",21111,2021-06-02,RCBD,16,3,38,1,6,5,0.76,2,7.6,,,34,12.8,1.063414634,539,709.2105263,754.1848524,,,
Windbreaker,Pinto,1,Treasure Valley Seed Company,,LODS,"45°25'33.6""N, 73°55'43.0""W",21111,2021-06-02,RCBD,16,2,30,11,5,5,0.76,2,7.6,,,36,13.1,1.059756098,620,815.7894737,864.5378691,,,
Zenith - B10244,Black,1,Michigan State University (MSU),Kelly et al. 2014 - DOI: 10.3198/jpr2014.05.0035crc,LODS,"45°25'33.6""N, 73°55'43.0""W",21103,2021-06-01,RCBD,15,2,27,5,3,5,0.56,2,5.6,2021-07-19,2021-08-26,18.1,14,1.048780488,1772,3164.285714,3318.641115,,,
Zenith - B10244,Black,1,Michigan State University (MSU),Kelly et al. 2014 - DOI: 10.3198/jpr2014.05.0035crc,LODS,"45°25'33.6""N, 73°55'43.0""W",21103,2021-06-01,RCBD,15,1,3,3,1,5,0.56,2,5.6,2021-07-21,2021-08-26,18,14.1,1.047560976,1703,3041.071429,3185.707753,,,
Zorro,Black,1,Michigan State University (MSU),Kelly et al. 2009 - DOI: 10.3198/jpr2008.12.0730crc,LODS,"45°25'33.6""N, 73°55'43.0""W",21103,2021-06-01,RCBD,22,1,11,11,1,5,0.56,2,5.6,2021-07-17,2021-08-26,20,15.6,1.029268293,968,1728.571429,1779.163763,,,
Zorro,Black,1,Michigan State University (MSU),Kelly et al. 2009 - DOI: 10.3198/jpr2008.12.0730crc,LODS,"45°25'33.6""N, 73°55'43.0""W",21103,2021-06-01,RCBD,22,2,36,2,4,5,0.56,2,5.6,2021-07-26,2021-08-26,21,18.6,0.992682927,1057,1887.5,1873.689024,,,
